key,player,team,nhl_id,birth_date,nhl_position,matched_by,checked
1133425,Brad Marchand,FLA,8473419,1988-05-11,L,roster,2026-09-24
1282170,Logan Couture,SJS,8474053,1989-03-28,C,search,2026-09-27
1639463,Alex Pietrangelo,VGK,8474565,1990-01-18,D,search,2026-09-24
1685404,Matt Duchene,DAL,8475168,1991-01-16,C,roster,2026-09-24
1707401,Ryan Ellis,CHI,8475176,1991-01-03,D,search,2026-09-27
1770929,Zach Hyman,EDM,8475786,1992-06-09,L,roster,2026-10-01
1771018,Mats Zuccarello,LAK,8475692,1987-09-01,R,roster,2026-09-24
1897650,Joel Edmundson,LAK,8476441,1993-06-28,D,roster,2026-09-27
1897686,Jonathan Huberdeau,CGY,8476456,1993-06-04,L,roster,2026-09-24
1899089,Derek Forbort,VAN,8475762,1992-03-04,D,search,2026-09-24
1899125,Ryan Nugent-Hopkins,EDM,8476454,1993-04-12,C,roster,2026-09-29
1960399,Torey Krug,STL,8476792,1991-04-12,D,search,2026-09-24
1960880,Jason Zucker,BUF,8475722,1992-01-16,L,roster,2026-09-24
2000679,Jacob Trouba,SJS,8476885,1994-02-26,D,roster,2026-10-03
2039464,Frederik Andersen,EDM,8475883,1989-10-02,G,roster,2026-09-24
2054009,Nick Bjugstad,NJD,8475760,1992-07-17,C,roster,2026-09-24
2076014,Aleksander Barkov,FLA,8477493,1995-09-02,C,roster,2026-10-02
2076015,Andre Burakovsky,OTT,8477444,1995-02-09,L,roster,2026-09-28
2076017,Jason Dickinson,EDM,8477450,1995-07-04,C,roster,2026-09-25
2076018,Max Domi,TOR,8477503,1995-03-02,C,roster,2026-09-24
2076038,Rasmus Ristolainen,PHI,8477499,1994-10-27,D,roster,2026-10-04
2093865,Damon Severson,CBJ,8476923,1994-08-07,D,roster,2026-09-24
2094544,Connor Brown,NJD,8477015,1994-01-14,R,roster,2026-09-30
2094574,Ryan Graves,PIT,8477435,1995-05-21,D,roster,2026-09-26
2146557,Kevin Fiala,LAK,8477942,1996-07-22,L,roster,2026-09-24
2147206,Kurtis MacDermid,OTT,8477073,1994-03-25,L,roster,2026-09-24
2147212,Andrew Mangiapane,CHI,8478233,1996-04-04,L,roster,2026-09-30
2147340,Yanni Gourde,TBL,8476826,1991-12-15,C,roster,2026-09-24
2147344,Connor Hellebuyck,WPG,8476945,1993-05-19,G,roster,2026-10-02
2147354,Dylan Larkin,DET,8477946,1996-07-30,C,roster,2026-09-24
2147476,Nick Paul,TOR,8477426,1995-03-20,L,roster,2026-09-24
2147507,Bryan Rust,PIT,8475810,1992-05-11,R,roster,2026-09-27
2147521,Conor Sheary,BUF,8477839,1992-06-08,L,roster,2026-09-28
2147651,Warren Foegele,OTT,8477998,1996-04-01,L,roster,2026-09-24
2178634,Ivan Provorov,CBJ,8478500,1997-01-13,D,roster,2026-09-30
2197831,Mattias Janmark,EDM,8477406,1992-12-08,C,roster,2026-09-24
2197838,Joonas Korpisalo,NYR,8476914,1994-04-28,G,roster,2026-10-01
2198224,Jake DeBrusk,VAN,8478498,1996-10-17,L,roster,2026-09-28
2198286,Mathew Barzal,NYI,8478445,1997-05-26,C,roster,2026-09-24
2245466,Jake Bean,CGY,8479402,1998-06-09,D,search,2026-09-24
2245479,Dante Fabbro,CBJ,8479371,1998-06-20,D,roster,2026-09-24
2245486,Filip Gustavsson,MIN,8479406,1998-06-07,G,roster,2026-09-24
2245507,Charlie McAvoy,BOS,8479325,1997-12-21,D,roster,2026-09-24
2265487,Gustav Forsling,FLA,8478055,1996-06-12,D,roster,2026-10-02
2267064,MacKenzie MacEachern,VAN,8476907,1994-03-09,L,search,2026-09-29
2269101,Alex Lyon,BUF,8479312,1992-12-09,G,roster,2026-09-24
2269432,Alexandre Carrier,MTL,8478851,1996-10-08,D,roster,2026-10-04
2269437,Andreas Englund,DET,8477971,1996-01-21,D,search,2026-09-30
2271605,Michael Carcone,UTA,8479619,1996-05-19,L,roster,2026-09-24
2271608,Thatcher Demko,VAN,8477967,1995-12-08,G,roster,2026-09-24
2271612,A.J. Greer,ANA,8478421,1996-12-14,L,roster,2026-09-24
2271620,Dan Vladar,PHI,8478435,1997-08-20,G,roster,2026-09-24
26560471,Kaiden Guhle,MTL,8482087,2002-01-18,D,roster,2026-09-24
26597475,Seth Jarvis,CAR,8482093,2002-02-01,R,roster,2026-09-24
26599848,Ridly Greig,OTT,8482092,2002-08-08,C,roster,2026-09-24
26600484,Lukas Cormier,VGK,8482141,2002-03-27,D,search,2026-09-29
26603210,Jake Sanderson,OTT,8482105,2002-07-08,D,roster,2026-09-24
26648515,Shane Pinto,OTT,8481596,2000-11-12,C,roster,2026-09-24
26798877,Chase Stillman,DET,8482714,2003-03-19,R,search,2026-10-03
26799114,Jack Thompson,VAN,8482144,2002-03-19,D,search,2026-09-29
26799195,Jacob Melanson,SEA,8482874,2003-04-22,R,roster,2026-10-03
26799321,Zachary L'Heureux,COL,8482742,2003-05-15,L,roster,2026-09-28
26799378,Walker Duehr,WPG,8482652,1997-11-23,R,search,2026-09-29
26799426,Olen Zellweger,BUF,8482803,2003-09-10,D,roster,2026-09-24
26799432,Vincent Iorio,NYR,8482861,2002-11-14,D,roster,2026-09-24
26799648,Helge Grans,PHI,8482169,2002-05-10,D,roster,2026-09-28
26799690,William Villeneuve,TOR,8482174,2002-03-20,D,search,2026-09-29
26802435,Tristan Broz,PIT,8482698,2002-10-10,C,search,2026-09-28
26802454,Simon Edvinsson,DET,8482762,2003-02-05,D,roster,2026-09-28
26802481,Oliver Kapanen,MTL,8482775,2003-07-29,C,roster,2026-09-28
26802507,Logan Mailloux,STL,8482733,2003-04-15,D,roster,2026-09-27
26802509,Taylor Makar,COL,8482953,2001-03-13,L,search,2026-09-29
26802514,Emil Martinsen Lilleberg,TBL,8482929,2001-02-02,D,roster (nickname),2026-10-04
26802550,Mackie Samoskevich,SEA,8482713,2002-11-15,R,roster,2026-09-27
2831960,Artem Zub,OTT,8482245,1995-10-03,D,roster,2026-09-24
2845129,Cale Makar,COL,8480069,1998-10-30,D,roster,2026-09-24
2845320,Filip Chytil,VAN,8480078,1999-09-05,C,roster,2026-09-24
2845354,Jake Oettinger,DAL,8479979,1998-12-18,G,roster,2026-09-24
2850816,Andrei Kuzmenko,PIT,8483808,1996-02-04,L,roster,2026-09-24
2858551,Ukko-Pekka Luukkonen,BUF,8480045,1999-03-09,G,roster,2026-09-27
2858568,Conor Timmins,BUF,8479982,1998-09-18,D,roster,2026-09-28
2858572,Jonah Gadjovich,FLA,8479981,1998-10-12,L,roster,2026-09-24
2879654,Alex Barre-Boulet,SJS,8479718,1997-05-21,C,roster,2026-10-01
2879664,MacKenzie Entwistle,FLA,8480025,1999-07-14,R,search,2026-09-29
2879747,Kyle Keyser,SJS,8480356,1999-03-08,G,roster,2026-09-28
2879988,Alexei Toropchenko,STL,8480281,1999-06-25,R,roster (nickname),2026-10-03
2880258,Matt Roy,WSH,8478911,1995-03-01,D,roster,2026-10-04
28895750,Marco Kasper,DET,8483464,2004-04-08,C,roster,2026-10-03
28895757,Pavel Mintyukov,ANA,8483490,2003-11-25,D,roster,2026-09-27
28895759,Matthew Savoie,EDM,8483512,2004-01-01,C,roster (nickname),2026-09-24
28895785,Jiri Kulich,BUF,8483468,2004-04-14,C,roster,2026-09-24
28895787,Maveric Lamoureux,UTA,8483472,2004-01-13,D,roster,2026-09-28
28899547,Seamus Casey,NJD,8483429,2004-01-08,D,roster,2026-09-24
28899562,Cameron Lund,SJS,,,,unmatched,2026-09-29
28899567,Matthew Poitras,BOS,8483505,2004-03-10,C,roster,2026-09-24
28899568,Elias Salomonsson,WPG,8483510,2004-08-31,D,search,2026-09-29
28899587,Adam Sykora,NYR,8483669,2004-09-07,L,roster,2026-09-24
28899632,Aidan Thompson,NYR,8483685,2002-02-18,C,search,2026-09-29
28899702,Ben Hemmerling,VGK,8483748,2004-04-21,R,search,2026-09-30
28899704,Dominic James,TBL,8483752,2002-07-03,C,roster,2026-09-24
28902928,Nikita Grebenkin,PHI,8483733,2003-05-02,R,roster,2026-09-29
28973342,Mikael Pyyhtia,CBJ,8482451,2001-12-17,L,search,2026-09-27
28974592,Patrick Giles,SJS,8480825,2000-01-03,R,roster,2026-09-28
29023281,Drew Helleson,ANA,8481563,2001-03-26,D,roster,2026-09-24
29101182,Brock Faber,MIN,8482122,2002-08-22,D,roster,2026-09-26
29102361,Lucas Condotta,MTL,8483549,1997-11-06,L,search,2026-09-29
2915882,Kirill Marchenko,CBJ,8480893,2000-07-21,R,roster,2026-09-29
29167152,Denver Barkey,PHI,8484142,2005-04-27,C,roster,2026-09-24
29167155,Connor Bedard,CHI,8484144,2005-07-17,C,roster,2026-09-24
29167157,Tristan Bertucci,DAL,8484146,2005-07-12,D,search,2026-09-29
29167190,Jakub Dvorak,LAK,8484163,2005-05-25,D,search,2026-09-27
29167287,Quentin Musty,SJS,8484200,2005-07-06,L,search,2026-09-29
2921134,Justin Brazeau,PIT,8479638,1998-02-02,R,roster,2026-09-24
2921272,Cameron Hughes,DAL,8478888,1996-10-09,C,search,2026-09-29
2921715,Adam Gaudette,SJS,8478874,1996-10-03,R,roster,2026-09-24
2921773,Troy Terry,ANA,8478873,1997-09-10,R,roster,2026-09-24
29237428,Georgii Merkulov,COL,8483567,2000-10-10,C,search,2026-09-29
29373582,Cade Webber,TOR,8481570,2001-01-05,D,search,2026-09-29
29404908,Ivan Demidov,MTL,8484984,2005-12-10,R,roster,2026-09-24
29407705,Adam Jecho,STL,8484792,2006-03-24,C,search,2026-09-27
2940938,Brady Tkachuk,FLA,8480801,1999-09-16,L,roster,2026-09-24
2940987,Isac Lundestrom,CBJ,8480806,1999-11-06,C,roster,2026-09-24
2940994,Jacob Bernard-Docker,DET,8480879,2000-06-30,D,roster,2026-09-25
2940996,Rasmus Sandin,WSH,8480873,2000-03-07,D,roster,2026-09-24
29518577,James Stefan,EDM,8483100,2003-08-09,R,search,2026-09-29
29700070,Alexander Nikishin,CAR,8482100,2001-10-02,D,roster,2026-09-24
29700624,Ian Moore,ANA,8482178,2002-01-04,D,roster,2026-09-24
2987952,Tyler Tucker,STL,8481006,2000-03-01,D,roster,2026-09-24
2992045,Colin Blackwell,DAL,8476278,1993-03-28,C,roster,2026-09-24
2992271,Alec Regula,EDM,8480831,2000-08-06,D,roster,2026-09-27
2992289,Akil Thomas,VAN,8480851,2000-01-02,C,search,2026-09-29
2992841,Logan O'Connor,COL,8481186,1996-08-14,R,roster,2026-09-28
3103731,Johnathan Kovacevic,NJD,8480192,1997-07-12,D,roster,2026-09-24
3107125,Elvis Merzlikins,CBJ,8478007,1994-04-13,G,roster,2026-09-24
3111074,Blake Lizotte,PIT,8481481,1997-12-13,C,roster,2026-09-24
3130083,Bowen Byram,CHI,8481524,2001-06-13,D,roster,2026-10-03
3130097,Dakota Joshua,TOR,8478057,1996-05-15,C,roster,2026-09-24
3140726,Raphael Lavoie,VGK,8481534,2000-09-25,C,roster,2026-09-29
3140797,Trent Miner,COL,8481529,2001-02-05,G,search,2026-09-29
3140820,Jordan Spence,OTT,8481606,2001-02-24,D,roster,2026-09-24
3158655,Mattias Samuelsson,BUF,8480807,2000-03-14,D,roster,2026-09-24
3166641,Justus Annunen,NSH,8481020,2000-03-11,G,roster,2026-10-03
3166853,Jack Rathbone,BUF,8480056,1999-05-20,D,roster,2026-09-28
433603,Corey Perry,LAK,8470621,1985-05-16,R,roster,2026-09-24
50001091,Carter Bear,DET,8485362,2006-11-04,L,search,2026-09-28
50001108,Gabriel D'Aigle,PIT,8485569,2006-11-21,G,search,2026-09-27
50001142,Benjamin Kindel,PIT,8485414,2007-04-19,C,roster (nickname),2026-09-24
50001174,Jake O'Brien,SEA,8485383,2007-06-16,C,search,2026-09-27
50001179,Bryce Pickford,MTL,8485218,2006-04-02,D,search,2026-09-29
50028669,Harrison Scott,DAL,8485485,2000-09-27,C,search,2026-09-29
50043134,Kai Uchacz,VGK,8485251,2003-06-24,C,roster,2026-09-29
559829,Alex Ovechkin,WSH,8471214,1985-09-17,L,roster,2026-09-24
dfo:1059,Cam Talbot,CBJ,8475660,1987-07-05,G,roster,2026-09-29
dfo:1305,Jake Allen,NJD,8474596,1990-08-07,G,roster,2026-09-29
dfo:1692,Darcy Kuemper,LAK,8475311,1990-05-05,G,roster,2026-09-29
dfo:1870,John Gibson,DET,8476434,1993-07-14,G,roster,2026-09-29
dfo:25264,Ilya Sorokin,NYI,8478009,1995-08-04,G,roster,2026-09-29
dfo:2626,Tristan Jarry,EDM,8477465,1995-04-29,G,roster,2026-09-29
dfo:26327,Janis Jaks,,8482252,1995-08-22,D,search,2026-09-29
dfo:2727,Alex Nedeljkovic,SJS,8477968,1996-01-07,G,roster,2026-09-30
dfo:28990,Logan Thompson,WSH,8480313,1997-02-25,G,roster,2026-09-29
dfo:29143,Lukas Dostal,ANA,8480843,2000-06-22,G,roster,2026-09-29
dfo:30486,Pyotr Kochetkov,CAR,8481611,1999-06-25,G,roster,2026-09-29
dfo:33773,Cameron Lund,SJS,,,,unmatched,2026-09-29
dfo:34603,Arvid Soderblom,CHI,8482821,1999-08-19,G,roster,2026-09-29
dfo:35165,Gabriel Perreault,NYR,8484210,2005-05-07,R,roster (nickname),2026-09-29
dfo:36542,Berkly Catton,SEA,8484800,2006-01-14,C,roster,2026-09-29
dfo:36942,Cole Beaudoin,NYR,8484786,2006-04-24,C,search,2026-09-29
dfo:3792,Mackenzie Blackwood,COL,8478406,1996-12-09,G,roster,2026-09-29
dfo:38089,Landon Slaggert,CHI,8482172,2002-06-25,L,roster,2026-09-29
dfo:38130,Damian Clara,ANA,8484391,2005-01-13,G,search,2026-09-29
dfo:38455,Tom Willander,VAN,,,,unmatched,2026-09-29
dfo:38474,Matthew Schaefer,NYI,,,,unmatched,2026-09-29
dfo:38739,Andrea Glauser,,,,,unmatched,2026-09-29
dfo:3874,Carter Hart,VGK,8479394,1998-08-13,G,roster,2026-09-29
dfo:38893,Viking Gustafsson Nyberg,MIN,8486166,2003-09-21,D,roster,2026-09-29
dfo:4741,Stuart Skinner,WPG,8479973,1998-11-01,G,roster,2026-09-29
dfo:771,Jonathan Quick,,8471734,1986-01-21,G,search,2026-09-29
name:aaronekblad,Aaron Ekblad,FLA,8477932,1996-02-07,D,roster,2026-09-24
name:adamfantilli,Adam Fantilli,CBJ,8484166,2004-10-12,C,roster,2026-09-24
name:adamhenrique,Adam Henrique,EDM,8474641,1990-02-06,C,search,2026-09-24
name:adamjecho,Adam Jecho,STL,8484792,2006-03-24,C,search,2026-09-24
name:alexanderromanov,Alexander Romanov,NYI,8481014,2000-01-06,D,roster,2026-09-24
name:alexiafallo,Alex Iafallo,WPG,8480113,1993-12-21,L,roster,2026-09-24
name:andrewmangiapane,Andrew Mangiapane,CHI,8478233,1996-04-04,L,roster,2026-09-24
name:anthonystolarz,Anthony Stolarz,TOR,8476932,1994-01-20,G,roster,2026-09-24
name:arsenygritsyuk,Arseny Gritsyuk,NJD,8481721,2001-03-15,R,roster,2026-09-24
name:arttuhyry,Arttu Hyry,DAL,8484938,2001-04-06,R,roster,2026-09-24
name:artturilehkonen,Artturi Lehkonen,COL,8477476,1995-07-04,L,roster,2026-09-24
name:artyomlevshunov,Artyom Levshunov,CHI,8484783,2005-10-28,D,roster,2026-09-24
name:austonmatthews,Auston Matthews,TOR,8479318,1997-09-17,C,roster,2026-09-24
name:barretthayton,Barrett Hayton,UTA,8480849,2000-06-09,C,roster,2026-09-24
name:brandoncarlo,Brandon Carlo,STL,8478443,1996-11-26,D,roster,2026-09-24
name:braydenmcnabb,Brayden McNabb,VGK,8475188,1991-01-21,D,roster,2026-09-24
name:brendansmith,Brendan Smith,CBJ,8474090,1989-02-08,D,search,2026-09-25
name:brentburns,Brent Burns,COL,8470613,1985-03-09,D,roster,2026-09-24
name:brettpesce,Brett Pesce,NJD,8477488,1994-11-15,D,roster,2026-09-24
name:briandumoulin,Brian Dumoulin,LAK,8475208,1991-09-06,D,roster,2026-09-24
name:calebjones,Caleb Jones,PIT,8478452,1997-06-06,D,search,2026-09-24
name:calemakar,Cale Makar,COL,8480069,1998-10-30,D,roster,2026-09-24
name:callejarnkrok,Calle Jarnkrok,TOR,8475714,1991-09-25,C,search,2026-09-24
name:careyprice,Carey Price,SJS,8471679,1987-08-16,G,search,2026-09-24
name:carterverhaeghe,Carter Verhaeghe,FLA,8477409,1995-08-14,C,roster,2026-09-24
name:charlielindgren,Charlie Lindgren,WSH,8479292,1993-12-18,G,roster,2026-09-24
name:christophertanev,Christopher Tanev,TOR,8475690,1989-12-20,D,roster (nickname),2026-09-24
name:connorhellebuyck,Connor Hellebuyck,WPG,8476945,1993-05-19,G,roster,2026-09-24
name:connorzary,Connor Zary,CGY,8482074,2001-09-25,C,roster,2026-09-24
name:dmitrivoronkov,Dmitri Voronkov,CBJ,8481716,2000-09-10,L,roster,2026-09-24
name:dmitrykulikov,Dmitry Kulikov,FLA,8475179,1990-10-29,D,roster,2026-09-24
name:eliassalomonsson,Elias Salomonsson,WPG,8483510,2004-08-31,D,search,2026-09-24
name:ericrobinson,Eric Robinson,CAR,8480762,1995-06-14,L,roster,2026-09-24
name:evanderkane,Evander Kane,VAN,8475169,1991-08-02,L,search,2026-09-24
name:evanrodrigues,Evan Rodrigues,NJD,8478542,1993-07-28,C,roster,2026-09-24
name:filipchytil,Filip Chytil,VAN,8480078,1999-09-05,C,roster,2026-09-24
name:filiphallander,Filip Hallander,PIT,8480842,2000-06-29,C,roster,2026-09-24
name:gustavforsling,Gustav Forsling,FLA,8478055,1996-06-12,D,roster,2026-09-24
name:gustavnyquist,Gustav Nyquist,WPG,8474679,1989-09-01,R,search,2026-09-24
name:jacobmarkstrom,Jacob Markstrom,FLA,8474593,1990-01-31,G,roster,2026-09-24
name:jadenschwartz,Jaden Schwartz,COL,8475768,1992-06-25,L,roster,2026-09-24
name:jaredmccann,Jared McCann,SEA,8477955,1996-05-31,L,roster,2026-09-24
name:jeremylauzon,Jeremy Lauzon,VGK,8478468,1997-04-28,D,roster,2026-09-24
name:jirikulich,Jiri Kulich,BUF,8483468,2004-04-14,C,roster,2026-09-24
name:joelerikssonek,Joel Eriksson Ek,MIN,8478493,1997-01-29,C,roster,2026-09-24
name:joelhanley,Joel Hanley,CGY,8477810,1991-06-08,D,roster,2026-09-24
name:joelkiviranta,Joel Kiviranta,COL,8481641,1996-03-23,L,roster (other team),2026-09-24
name:joeydaccord,Joey Daccord,SEA,8478916,1996-08-19,G,roster,2026-09-24
name:jonasbrodin,Jonas Brodin,MIN,8476463,1993-07-12,D,roster,2026-09-24
name:jonassiegenthaler,Jonas Siegenthaler,NJD,8478399,1997-05-06,D,roster,2026-09-24
name:jonathanmarchessault,Jonathan Marchessault,NSH,8476539,1990-12-27,C,roster,2026-09-24
name:jordankyrou,Jordan Kyrou,WSH,8479385,1998-05-05,R,roster,2026-09-24
name:joshmanson,Josh Manson,COL,8476312,1991-10-07,D,roster,2026-09-24
name:justindanforth,Justin Danforth,BUF,8479941,1993-03-15,R,roster,2026-09-24
name:kevinbahl,Kevin Bahl,CGY,8480860,2000-06-27,D,roster,2026-09-24
name:kylepalmieri,Kyle Palmieri,NYI,8475151,1991-02-01,C,roster,2026-09-24
name:logancouture,Logan Couture,SJS,8474053,1989-03-28,C,search,2026-09-24
name:lukehughes,Luke Hughes,NJD,8482684,2003-09-09,D,roster,2026-09-24
name:markstone,Mark Stone,VGK,8475913,1992-05-13,R,roster,2026-09-24
name:masonappleton,Mason Appleton,DET,8478891,1996-01-15,C,roster,2026-09-24
name:masonlohrei,Mason Lohrei,BOS,8482511,2001-01-17,D,roster,2026-09-24
name:mattgrzelcyk,Matt Grzelcyk,CHI,8476891,1994-01-05,D,search,2026-09-24
name:mattmurray,Matt Murray,SEA,8483575,1998-02-02,G,roster (other team),2026-09-24
name:mattrempe,Matt Rempe,NYR,8482460,2002-06-29,C,roster,2026-09-24
name:maximshabanov,Maxim Shabanov,NYI,8485702,2000-10-07,R,roster (other team),2026-09-24
name:maxjones,Max Jones,EDM,8479368,1998-02-17,L,roster,2026-09-24
name:michaelrasmussen,Michael Rasmussen,DET,8479992,1999-04-17,C,roster,2026-09-24
name:morganbarron,Morgan Barron,WPG,8480289,1998-12-02,C,roster,2026-09-24
name:morganrielly,Morgan Rielly,TOR,8476853,1994-03-09,D,roster,2026-09-24
name:nathanmackinnon,Nathan MacKinnon,COL,8477492,1995-09-01,C,roster,2026-09-24
name:nealpionk,Neal Pionk,WPG,8480145,1995-07-29,D,roster,2026-09-24
name:nickjensen,Nick Jensen,ANA,8475324,1990-09-21,D,roster,2026-09-24
name:nicolashague,Nicolas Hague,NSH,8479980,1998-12-05,D,roster,2026-09-24
name:nikitachibrikov,Nikita Chibrikov,WPG,8482787,2003-02-16,R,roster,2026-09-24
name:nikitagrebenkin,Nikita Grebenkin,PHI,8483733,2003-05-02,R,roster,2026-09-24
name:nikitazadorov,Nikita Zadorov,BOS,8477507,1995-04-16,D,roster,2026-09-24
name:nikomikkola,Niko Mikkola,FLA,8478859,1996-04-27,D,roster,2026-09-24
name:nilshoglander,Nils Hoglander,NSH,8481535,2000-12-20,L,roster,2026-09-24
name:nilslundkvist,Nils Lundkvist,DAL,8480878,2000-07-27,D,roster,2026-09-24
name:noahcates,Noah Cates,PHI,8480220,1999-02-05,L,roster,2026-09-24
name:noahostlund,Noah Ostlund,BUF,8483500,2004-03-11,C,roster,2026-09-24
name:owentippett,Owen Tippett,PHI,8480015,1999-02-16,R,roster,2026-09-24
name:patriklaine,Patrik Laine,MTL,8479339,1998-04-19,L,search,2026-09-24
name:petrmrazek,Petr Mrazek,ANA,8475852,1992-02-14,G,search,2026-09-24
name:philippgrubauer,Philipp Grubauer,SEA,8475831,1991-11-25,G,roster,2026-09-24
name:pierreengvall,Pierre Engvall,NYI,8478115,1996-05-31,L,roster,2026-09-24
name:pierrelucdubois,Pierre-Luc Dubois,WSH,8479400,1998-06-24,C,roster,2026-09-24
name:pontusholmberg,Pontus Holmberg,TBL,8480995,1999-03-09,R,roster,2026-09-24
name:radkogudas,Radko Gudas,FLA,8475462,1990-06-05,D,roster,2026-09-24
name:rodrigoabols,Rodrigo Abols,PHI,8479022,1996-01-05,C,search,2026-09-24
name:roopehintz,Roope Hintz,DAL,8478449,1996-11-17,C,roster,2026-09-24
name:ryanellis,Ryan Ellis,CHI,8475176,1991-01-03,D,search,2026-09-24
name:ryanpoehling,Ryan Poehling,ANA,8480068,1999-01-03,C,roster,2026-09-24
name:ryanpulock,Ryan Pulock,NYI,8477506,1994-10-06,D,roster,2026-09-24
name:ryanreaves,Ryan Reaves,SJS,8471817,1987-01-20,R,search,2026-09-24
name:sambennett,Sam Bennett,FLA,8477935,1996-06-20,C,roster,2026-09-24
name:samcarrick,Sam Carrick,BUF,8475842,1992-02-04,C,roster,2026-09-24
name:sammalinski,Sam Malinski,COL,8484258,1998-07-27,D,roster,2026-09-24
name:samreinhart,Sam Reinhart,FLA,8477933,1995-11-06,C,roster,2026-09-24
name:samuelhonzek,Samuel Honzek,CGY,8484180,2004-11-12,L,roster,2026-09-24
name:semyonvarlamov,Semyon Varlamov,NYI,8473575,1988-04-27,G,roster,2026-09-24
name:sethjones,Seth Jones,FLA,8477495,1994-10-03,D,roster,2026-09-24
name:sheaweber,Shea Weber,CHI,8470642,1985-08-14,D,search,2026-09-24
name:stefannoesen,Stefan Noesen,NJD,8476474,1993-02-12,R,roster,2026-09-24
name:thomaschabot,Thomas Chabot,OTT,8478469,1997-01-30,D,roster,2026-09-24
name:tomasnosek,Tomas Nosek,FLA,8477931,1992-09-01,L,search,2026-09-24
name:tylerseguin,Tyler Seguin,DAL,8475794,1992-01-31,C,roster,2026-09-24
name:tysonhinds,Tyson Hinds,ANA,8482731,2003-03-12,D,roster,2026-09-24
name:uvisbalinskis,Uvis Balinskis,FLA,8484304,1996-08-01,D,roster,2026-09-24
name:valerinichushkin,Valeri Nichushkin,CBJ,8477501,1995-03-04,R,roster,2026-09-24
name:viktorarvidsson,Viktor Arvidsson,DET,8478042,1993-04-08,L,roster,2026-09-24
name:vladislavnamestnikov,Vladislav Namestnikov,WPG,8476480,1992-11-22,C,roster,2026-09-24
name:williamcarrier,William Carrier,CAR,8477478,1994-12-20,L,roster,2026-09-24
name:williamkarlsson,William Karlsson,VGK,8476448,1993-01-08,C,roster,2026-09-24
name:yankuznetsov,Yan Kuznetsov,CGY,8482165,2002-03-09,D,roster,2026-09-24
name:zachbogosian,Zach Bogosian,MIN,8474567,1990-07-15,D,roster,2026-09-24
name:zackmacewen,Zack MacEwen,TOR,8479772,1996-07-08,C,roster,2026-09-24
