injury_id,player_id,player,position,team,latest_team,injury_type,category,status,status_category,on_ir,expected_return,first_seen,last_seen,last_seen_at,source_updated,return_date,days_out,season,start_is_lower_bound,return_is_estimated,origin,notes,nhl_id,birth_date,games_missed,first_game_back,return_check,reinjury_of,reinjury_match,days_since_prior
1db9b99487d9945e,28895758,Frank Nazar,C,CHI,CHI,Suspension,Non-injury,Expected to be out until at least Oct 15,Out,False,2026-10-15,2026-10-10,2026-10-10,2026-10-10T07:15:27Z,2026-10-09,,,2026-27,False,False,cbs,,8483493,2004-01-14,0,,On report,,,
c3ad620a65a56e6e,2831871,Igor Shesterkin,G,NYR,NYR,Lower Body,Lower Body,Day-to-Day,Day-to-day,False,,2026-10-10,2026-10-10,2026-10-10T07:15:27Z,2026-10-09,,,2026-27,False,False,cbs,,8478048,1995-12-30,0,,On report,,,
401989ba6238288a,3149263,Alex Turcotte,C,LAK,LAK,Undisclosed,Undisclosed,Day-to-Day,Day-to-day,False,,2026-10-09,2026-10-10,2026-10-10T07:15:27Z,2026-10-09,,,2026-27,False,False,cbs,,8481532,2001-02-26,0,,On report,,,
7ecd6cb492581233,1771018,Mats Zuccarello,RW,LAK,LAK,Undisclosed,Undisclosed,Expected to be out until at least Oct 17,Out,False,2026-10-17,2026-10-09,2026-10-10,2026-10-10T07:15:27Z,2026-10-09,,,2026-27,False,False,cbs,,8475692,1987-09-01,0,,On report,,,
b7fd89739a035232,2076022,Bo Horvat,C,NYI,NYI,Upper Body,Upper Body,Day-to-Day,Day-to-day,False,,2026-10-09,2026-10-10,2026-10-10T07:15:27Z,2026-10-08,,,2026-27,False,False,cbs,,8477500,1995-04-05,0,,On report,,,
2a61288d1f7fe644,2921433,Kiefer Sherwood,RW,SJS,SJS,Upper Body,Upper Body,Day-to-Day,Day-to-day,False,,2026-10-09,2026-10-10,2026-10-10T07:15:27Z,2026-10-09,,,2026-27,False,False,cbs,,8480748,1995-03-31,0,,On report,,,
c1fbe66076bb8c9b,2245477,Dillon Dube,C,STL,STL,Neck,Head / Neck,Expected to be out until at least Oct 13,Out,False,2026-10-13,2026-10-09,2026-10-10,2026-10-10T07:15:27Z,2026-10-09,,,2026-27,False,False,cbs,,8479346,1998-07-20,0,,On report,,,
b0cbe0732a45a8b7,1685406,John Tavares,C,TOR,TOR,Personal,Non-injury,Expected to be out until at least Oct 13,Out,False,2026-10-13,2026-10-09,2026-10-10,2026-10-10T07:15:27Z,2026-10-09,,,2026-27,False,False,cbs,,8475166,1990-09-20,0,,On report,,,
a765f85ea01b02b0,1765197,Oliver Ekman-Larsson,D,TOR,TOR,Undisclosed,Undisclosed,Day-to-Day,Day-to-day,False,,2026-10-09,2026-10-10,2026-10-10T07:15:27Z,2026-10-09,,,2026-27,False,False,cbs,,8475171,1991-07-17,0,,On report,,,
a60254bbd220c623,2271605,Michael Carcone,LW,UTA,UTA,Undisclosed,Undisclosed,Day-to-Day,Day-to-day,False,,2026-10-09,2026-10-10,2026-10-10T07:15:27Z,2026-10-09,,,2026-27,False,False,cbs,,8479619,1996-05-19,0,,On report,,,
874700fe628523f3,2000666,Olli Maatta,D,MIN,MIN,Lower Body,Lower Body,Day-to-Day,Day-to-day,False,,2026-10-08,2026-10-10,2026-10-10T07:15:27Z,2026-10-09,,,2026-27,False,False,cbs,,8476874,1994-08-22,1,,On report,,,
5f520a816e5303c5,26603173,Mavrik Bourque,C,NSH,NSH,Upper Body,Upper Body,Day-to-Day,Day-to-day,False,,2026-10-08,2026-10-10,2026-10-10T07:15:27Z,2026-10-08,,,2026-27,False,False,cbs,,8482145,2002-01-08,0,,Playing while listed,,,
2759479ab8d3f04e,26802563,William Trudeau,D,NSH,NSH,Upper Body,Upper Body,IR. Expected to be out until at least Oct 22,Out,True,2026-10-22,2026-10-08,2026-10-10,2026-10-10T07:15:27Z,2026-10-09,,,2026-27,False,False,cbs,,8482806,2002-10-11,0,,Playing while listed,,,
c5ab83aeaa5d8d1e,3166638,Cam Crotty,D,OTT,OTT,Illness,Illness,Day-to-Day,Day-to-day,False,,2026-10-08,2026-10-10,2026-10-10T07:15:27Z,2026-10-09,,,2026-27,False,False,cbs,,8480075,1999-05-05,1,,On report,,,
ec98bf6d9cecf4ee,26798940,William Eklund,LW,OTT,OTT,Ankle,Lower Body,Expected to be out until at least Jan 2,Out,False,2027-01-02,2026-10-08,2026-10-10,2026-10-10T07:15:27Z,2026-10-09,,,2026-27,False,False,cbs,,8482667,2002-10-12,0,,Playing while listed,,,
94bddd3cca6370cb,2076032,Josh Morrissey,D,WPG,WPG,Upper Body,Upper Body,Expected to be out until at least Oct 13,Out,False,2026-10-13,2026-10-08,2026-10-10,2026-10-10T07:15:27Z,2026-10-09,,,2026-27,False,False,cbs,,8477504,1995-03-28,1,,On report,,,
10cbe7b42fca877e,2245507,Charlie McAvoy,D,BOS,BOS,Suspension,Non-injury,Expected to be out until at least Oct 13,Out,False,2026-10-13,2026-10-07,2026-10-10,2026-10-10T07:15:27Z,2026-09-01,,,2026-27,False,False,cbs,,8479325,1997-12-21,1,,On report,,,
ec0e1b7f0f6d5728,26802451,Josh Doan,RW,BUF,BUF,Lower Body,Lower Body,Day-to-Day,Day-to-day,False,,2026-10-07,2026-10-08,2026-10-08T22:10:17Z,2026-10-06,2026-10-08,1,2026-27,False,False,cbs,,8482659,2002-02-01,0,2026-10-08,Played,,,
f299aaea0ddb7df2,50066964,Riley Bezeau,RW,CBJ,CBJ,Undisclosed,Undisclosed,IR. Expected to be out until at least Oct 31,Out,True,2026-10-31,2026-10-07,2026-10-09,2026-10-09T16:18:45Z,2026-10-07,,,2026-27,False,False,cbs,,8483804,2002-05-04,1,,On report,,,
bb1dd3796992dbc0,2000678,Teuvo Teravainen,C,CHI,CHI,Undisclosed,Undisclosed,Day-to-Day,Day-to-day,False,,2026-10-07,2026-10-10,2026-10-10T07:15:27Z,2026-10-09,,,2026-27,False,False,cbs,,8476882,1994-09-11,1,,On report,,,
4891dfdeaff08667,3117362,Joel Kiviranta,LW,DAL,DAL,Lower Body,Lower Body,Expected to be out until at least Oct 13,Out,False,2026-10-13,2026-10-07,2026-10-10,2026-10-10T07:15:27Z,2026-10-07,,,2026-27,False,False,cbs,,8481641,1996-03-23,1,,On report,,,
e71e17e699c1bec4,26798994,Colton Dach,C,EDM,EDM,Undisclosed,Undisclosed,IR. Expected to be out until at least Oct 13,Out,True,2026-10-13,2026-10-07,2026-10-10,2026-10-10T07:15:27Z,2026-10-07,,,2026-27,False,False,cbs,,8482703,2003-01-04,1,,On report,,,
107cc173bc26bb6c,2275417,Sam Montembeault,G,MTL,MTL,Lower Body,Lower Body,Expected to be out until at least Oct 20,Out,False,2026-10-20,2026-10-07,2026-10-10,2026-10-10T07:15:27Z,2026-10-09,,,2026-27,False,False,cbs,,8478470,1996-10-30,1,,On report,,,
a0152dba1342a8a3,2198485,Jonas Siegenthaler,D,NJD,NJD,Undisclosed,Undisclosed,Day-to-Day,Day-to-day,False,,2026-10-07,2026-10-10,2026-10-10T07:15:27Z,2026-10-06,,,2026-27,False,False,cbs,,8478399,1997-05-06,0,,On report,,,
8d76c8b026626521,3166632,Alexander Romanov,D,NYI,NYI,Knee,Lower Body,Expected to be out until at least Apr 8,Out,False,2027-04-08,2026-10-07,2026-10-10,2026-10-10T07:15:27Z,2026-10-07,,,2026-27,False,False,cbs,,8481014,2000-01-06,1,,On report,,,
a15f12a117338bb1,2850816,Andrei Kuzmenko,LW,PIT,PIT,Personal,Non-injury,IR. Expected to be out until at least Oct 10,Out,True,2026-10-10,2026-10-07,2026-10-09,2026-10-09T16:18:45Z,2026-10-07,,,2026-27,False,False,cbs,,8483808,1996-02-04,2,,On report,,,
3db5511bc70414be,2245504,Ryan Lindgren,D,SEA,SEA,Upper Body,Upper Body,IR. Expected to be out until at least Nov 19,Out,True,2026-11-19,2026-10-07,2026-10-10,2026-10-10T07:15:27Z,2026-10-08,,,2026-27,False,False,cbs,,8479324,1998-02-11,1,,On report,,,
24a85075fd4a7393,2245515,Mikhail Sergachev,D,UTA,UTA,Upper Body,Upper Body,Day-to-Day,Day-to-day,False,,2026-10-07,2026-10-08,2026-10-08T16:36:06Z,2026-10-06,2026-10-08,1,2026-27,False,False,cbs,,8479410,1998-06-25,0,2026-10-08,Played,,,
9853c89370fe55a8,2923811,Victor Olofsson,LW,VGK,VGK,Undisclosed,Undisclosed,Expected to be out until at least Oct 15,Out,False,2026-10-15,2026-10-07,2026-10-10,2026-10-10T07:15:27Z,2026-10-08,,,2026-27,False,False,cbs,,8478109,1995-07-18,1,,On report,,,
ca9f84f86c5244c6,2269434,J.T. Compher,LW,DET,DET,Undisclosed,Undisclosed,IR. Expected to be out until at least Oct 13,Out,True,2026-10-13,2026-10-06,2026-10-10,2026-10-10T07:15:27Z,2026-10-08,,,2026-27,False,False,cbs,,8477456,1995-04-08,2,,On report,,,
8ce5e076b5adbbce,2879768,Mason Appleton,C,DET,DET,Undisclosed,Undisclosed,IR. Expected to be out until at least Oct 13,Out,True,2026-10-13,2026-10-06,2026-10-10,2026-10-10T07:15:27Z,2026-10-06,,,2026-27,False,False,cbs,,8478891,1996-01-15,2,,On report,,,
eb80e6dc19513fe1,1133703,Nick Foligno,LW,MIN,MIN,Upper Body,Upper Body,IR. Expected to be out until at least Oct 15,Out,True,2026-10-15,2026-10-06,2026-10-10,2026-10-10T07:15:27Z,2026-10-09,,,2026-27,False,False,cbs,,8473422,1987-10-31,1,,On report,,,
04845ee72eb799f6,29404908,Ivan Demidov,RW,MTL,MTL,Lower Body,Lower Body,IR. Expected to be out until at least Oct 31,Out,True,2026-10-31,2026-10-06,2026-10-10,2026-10-10T07:15:27Z,2026-10-06,,,2026-27,False,False,cbs,,8484984,2005-12-10,2,,On report,dad3c42201962fe7,Same body region,6
cf5faab0b95222ba,2197885,Linus Ullmark,G,OTT,OTT,Undisclosed,Undisclosed,Day-to-Day,Day-to-day,False,,2026-10-06,2026-10-08,2026-10-08T09:07:02Z,2026-10-07,2026-10-08,2,2026-27,False,False,cbs,,8476999,1993-07-31,1,2026-10-08,Played,,,
272eb7809460df67,2147283,Aaron Ekblad,D,FLA,FLA,Personal,Non-injury,Day-to-Day,Day-to-day,False,,2026-10-05,2026-10-09,2026-10-09T20:59:46Z,2026-10-07,,,2026-27,False,False,cbs,,8477932,1996-02-07,1,,On report,,,
3f14aafe7789f06d,28895794,Danila Yurov,RW,MIN,MIN,Upper Body,Upper Body,Day-to-Day,Day-to-day,False,,2026-10-05,2026-10-06,2026-10-06T21:41:55Z,2026-10-05,2026-10-06,1,2026-27,False,False,cbs,,8483525,2003-12-22,0,2026-10-06,Played,,,
caba3f665a8c81c8,29404907,Macklin Celebrini,C,SJS,SJS,Lower Body,Lower Body,Day-to-Day,Day-to-day,False,,2026-10-05,2026-10-10,2026-10-10T07:15:27Z,2026-10-09,,,2026-27,False,False,cbs,,8484801,2006-06-13,2,,On report,,,
dde0d7ed6c9be5be,28901928,Garrett Brown,C,WPG,WPG,Lower Body,Lower Body,IR. Expected to be out until at least Oct 17,Out,True,2026-10-17,2026-10-05,2026-10-10,2026-10-10T07:15:27Z,2026-10-09,,,2026-27,False,False,cbs,,,,,,On report,,,
943f17411b53515c,2269432,Alexandre Carrier,D,MTL,MTL,Undisclosed,Undisclosed,Day-to-Day,Day-to-day,False,,2026-10-04,2026-10-06,2026-10-06T10:29:43Z,2026-10-03,2026-10-06,2,2026-27,False,False,cbs,,8478851,1996-10-08,0,2026-10-06,Played,,,
66275bf29a5bafd6,2940989,Joseph Veleno,C,NYR,NYR,Lower Body,Lower Body,IR. Expected to be out until at least Oct 13,Out,True,2026-10-13,2026-10-04,2026-10-10,2026-10-10T07:15:27Z,2026-10-06,,,2026-27,False,False,cbs,,8480813,2000-01-13,2,,On report,,,
225c88638217fdbb,2076038,Rasmus Ristolainen,D,PHI,PHI,Undisclosed,Undisclosed,Day-to-Day,Day-to-day,False,,2026-10-04,2026-10-10,2026-10-10T07:15:27Z,2026-10-09,,,2026-27,False,False,cbs,,8477499,1994-10-27,2,,On report,,,
ddb9c4c1abdf2365,26802514,Emil Martinsen Lilleberg,D,TBL,TBL,Undisclosed,Undisclosed,Expected to be out until at least Oct 13,Out,False,2026-10-13,2026-10-04,2026-10-10,2026-10-10T07:15:27Z,2026-10-05,,,2026-27,False,False,cbs,,8482929,2001-02-02,2,,On report,,,
d379e9c2db37e742,2880258,Matt Roy,D,WSH,WSH,Lower Body,Lower Body,Expected to be out until at least Oct 11,Out,False,2026-10-11,2026-10-04,2026-10-10,2026-10-10T07:15:27Z,2026-10-09,,,2026-27,False,False,cbs,,8478911,1995-03-01,2,,On report,,,
873cd728a8c27b6e,3130083,Bowen Byram,D,CHI,CHI,Personal,Non-injury,Day-to-Day,Day-to-day,False,,2026-10-03,2026-10-05,2026-10-05T16:09:10Z,2026-10-04,2026-10-05,2,2026-27,False,False,cbs,,8481524,2001-06-13,1,2026-10-06,Played,,,
c0fb921001f64ff9,26798877,Chase Stillman,RW,DET,DET,Undisclosed,Undisclosed,IR. Expected to be out until at least Oct 9,Out,True,2026-10-09,2026-10-03,2026-10-08,2026-10-08T16:36:06Z,2026-10-04,2026-10-08,5,2026-27,False,False,cbs,,8482714,2003-03-19,3,,Not played since,,,
7953368b29fceaa2,28895750,Marco Kasper,C,DET,DET,Upper Body,Upper Body,IR. Expected to be out until at least Oct 20,Out,True,2026-10-20,2026-10-03,2026-10-10,2026-10-10T07:15:27Z,2026-10-06,,,2026-27,False,False,cbs,,8483464,2004-04-08,3,,On report,,,
733615f46cb56884,3166641,Justus Annunen,G,NSH,NSH,Undisclosed,Undisclosed,IR. Expected to be out until at least Oct 13,Out,True,2026-10-13,2026-10-03,2026-10-10,2026-10-10T07:15:27Z,2026-10-06,,,2026-27,False,False,cbs,,8481020,2000-03-11,3,,On report,,,
596c1477467a08ac,26799195,Jacob Melanson,RW,SEA,SEA,Upper Body,Upper Body,IR. Expected to be out until at least Oct 17,Out,True,2026-10-17,2026-10-03,2026-10-10,2026-10-10T07:15:27Z,2026-10-03,,,2026-27,False,False,cbs,,8482874,2003-04-22,4,,On report,,,
081b42cda3945e35,2000679,Jacob Trouba,D,SJS,SJS,Illness,Illness,Day-to-Day,Day-to-day,False,,2026-10-03,2026-10-03,2026-10-04T00:44:20Z,2026-10-03,2026-10-04,1,2026-27,False,False,cbs,,8476885,1994-02-26,0,2026-10-03,Played,,,
3f6f91c38861a41b,2879988,Alexei Toropchenko,RW,STL,STL,Upper Body,Upper Body,IR. Expected to be out until at least Nov 14,Out,True,2026-11-14,2026-10-03,2026-10-10,2026-10-10T07:15:27Z,2026-10-05,,,2026-27,False,False,cbs,,8480281,1999-06-25,3,,On report,,,
c4a8a39d94bb494a,3107125,Elvis Merzlikins,G,TOR,TOR,Shoulder,Upper Body,IR. Expected to be out until at least Mar 30,Out,True,2027-03-30,2026-10-03,2026-10-10,2026-10-10T07:15:27Z,2026-09-29,,,2026-27,False,False,cbs,,8478007,1994-04-13,3,,On report,4a3b4ea71a58a443,Same injury,4
fbc1641aebeeb001,2198224,Jake DeBrusk,LW,VAN,VAN,Illness,Illness,Day-to-Day,Day-to-day,False,,2026-10-03,2026-10-06,2026-10-06T10:29:43Z,2026-10-05,2026-10-06,3,2026-27,False,False,cbs,,8478498,1996-10-17,2,2026-10-08,Played,,,
ab33bb9bb347c0bf,2076014,Aleksander Barkov,C,FLA,FLA,Lower Body,Lower Body,IR. Expected to be out until at least Nov 27,Out,True,2026-11-27,2026-10-02,2026-10-10,2026-10-10T07:15:27Z,2026-10-06,,,2026-27,False,False,cbs,,8477493,1995-09-02,2,,On report,,,
01ef3056164884f9,2265487,Gustav Forsling,D,FLA,FLA,Upper Body,Upper Body,Day-to-Day,Day-to-day,False,,2026-10-02,2026-10-04,2026-10-04T21:36:20Z,2026-10-02,2026-10-04,2,2026-27,False,False,cbs,,8478055,1996-06-12,0,2026-10-04,Played,,,
6939c60becc59f03,2147344,Connor Hellebuyck,G,WPG,WPG,Suspension,Non-injury,Expected to be out until at least Oct 17,Out,False,2026-10-17,2026-10-02,2026-10-10,2026-10-10T07:15:27Z,2026-10-02,,,2026-27,False,False,cbs,,8476945,1993-05-19,5,,On report,,,
9d1f2ed96039f5d5,1770929,Zach Hyman,LW,EDM,EDM,Undisclosed,Undisclosed,Expected to be out until at least Oct 17,Out,False,2026-10-17,2026-10-01,2026-10-10,2026-10-10T07:15:27Z,2026-10-01,,,2026-27,False,False,cbs,,8475786,1992-06-09,3,,On report,,,
47a74cc1b3d94220,2197838,Joonas Korpisalo,G,NYR,NYR,Lower Body,Lower Body,IR. Expected to be out until at least Oct 19,Out,True,2026-10-19,2026-10-01,2026-10-10,2026-10-10T07:15:27Z,2026-10-09,,,2026-27,False,False,cbs,,8476914,1994-04-28,5,,On report,,,
de4e1cd3d776e571,2879654,Alex Barre-Boulet,C,SJS,SJS,Undisclosed,Undisclosed,IR. Expected to be out until at least Oct 13,Out,True,2026-10-13,2026-10-01,2026-10-10,2026-10-10T07:15:27Z,2026-10-08,,,2026-27,False,False,cbs,,8479718,1997-05-21,4,,On report,,,
6343c20501a6449f,2178634,Ivan Provorov,D,CBJ,CBJ,Lower Body,Lower Body,IR. Expected to be out until at least Oct 13,Out,True,2026-10-13,2026-09-30,2026-10-10,2026-10-10T07:15:27Z,2026-10-09,,,2026-27,False,False,cbs,,8478500,1997-01-13,3,,On report,,,
65abb156a4dcf87f,2147212,Andrew Mangiapane,LW,CHI,CHI,Lower Body,Lower Body,IR. Expected to be out until at least Oct 25,Out,True,2026-10-25,2026-09-30,2026-10-10,2026-10-10T07:15:27Z,2026-10-07,,,2026-27,False,False,cbs,,8478233,1996-04-04,4,,On report,,,
8364f3aa8cdb05a1,2269437,Andreas Englund,D,DET,DET,Not Injury Related,Non-injury,IR. Expected to be out until at least Oct 2,Out,True,2026-10-02,2026-09-30,2026-10-02,2026-10-02T15:52:45Z,2026-09-28,2026-10-02,2,2026-27,False,False,cbs,,8477971,1996-01-21,1,2026-10-04,Played,,,
ed484807a8f7891a,2094544,Connor Brown,RW,NJD,NJD,Lower Body,Lower Body,Expected to be out until at least Oct 12,Out,False,2026-10-12,2026-09-30,2026-10-10,2026-10-10T07:15:27Z,2026-10-05,,,2026-27,False,False,cbs,,8477015,1994-01-14,3,,On report,,,
ba377abbd60fc67f,28899702,Ben Hemmerling,RW,VGK,VGK,Undisclosed,Undisclosed,IR. Expected to be out until at least Oct 12,Out,True,2026-10-12,2026-09-30,2026-10-09,2026-10-09T16:18:45Z,2026-10-06,,,2026-27,False,False,cbs,,8483748,2004-04-21,4,,On report,,,
fc550944902a2d8b,2915882,Kirill Marchenko,RW,CBJ,CBJ,Not Injury Related,Non-injury,Day-to-Day,Day-to-day,False,,2026-09-29,2026-09-29,2026-09-29T17:42:30Z,2026-09-29,2026-09-29,0,2026-27,False,False,cbs,,8480893,2000-07-21,0,2026-09-29,Played,,,
c8407262ef28e764,29237428,Georgii Merkulov,C,COL,COL,Undisclosed,Undisclosed,IR. Expected to be out until at least Oct 16,Out,True,2026-10-16,2026-09-29,2026-10-10,2026-10-10T07:15:27Z,2026-10-06,,,2026-27,False,False,cbs,,8483567,2000-10-10,4,,On report,,,
6f1408fea4ec698d,26802509,Taylor Makar,LW,COL,COL,Undisclosed,Undisclosed,IR. Expected to be out until at least Oct 7,Out,True,2026-10-07,2026-09-29,2026-10-01,2026-10-01T21:00:12Z,2026-09-28,2026-10-01,2,2026-27,False,False,cbs,,8482953,2001-03-13,4,,Not played since,,,
12ab1a8270078c97,3140797,Trent Miner,G,COL,COL,Undisclosed,Undisclosed,IR. Expected to be out until at least Oct 10,Out,True,2026-10-10,2026-09-29,2026-10-10,2026-10-10T07:15:27Z,2026-09-29,,,2026-27,False,False,cbs,,8481529,2001-02-05,4,,On report,,,
7f3a2ec7363f19cb,2921272,Cameron Hughes,C,DAL,DAL,Upper Body,Upper Body,IR. Expected to be out until at least Oct 10,Out,True,2026-10-10,2026-09-29,2026-10-10,2026-10-10T07:15:27Z,2026-10-05,,,2026-27,False,False,cbs,,8478888,1996-10-09,4,,On report,,,
7e9435e30a4fca07,50028669,Harrison Scott,C,DAL,DAL,Undisclosed,Undisclosed,IR. Expected to be out until at least Oct 25,Out,True,2026-10-25,2026-09-29,2026-10-10,2026-10-10T07:15:27Z,2026-10-08,,,2026-27,False,False,cbs,,8485485,2000-09-27,4,,On report,,,
de53b42b951b61bb,29167157,Tristan Bertucci,D,DAL,DAL,Undisclosed,Undisclosed,IR. Expected to be out until at least Oct 5,Out,True,2026-10-05,2026-09-29,2026-10-05,2026-10-05T07:10:28Z,2026-09-29,2026-10-05,6,2026-27,False,False,cbs,,8484146,2005-07-12,4,,Not played since,,,
511c26badeacbc52,29518577,James Stefan,RW,EDM,EDM,Undisclosed,Undisclosed,IR. Expected to be out until at least Oct 10,Out,True,2026-10-10,2026-09-29,2026-10-09,2026-10-09T16:18:45Z,2026-09-29,,,2026-27,False,False,cbs,,8483100,2003-08-09,4,,On report,,,
8ba349f67c6f3c7b,1899125,Ryan Nugent-Hopkins,C,EDM,EDM,Lower Body,Lower Body,IR. Expected to be out until at least Oct 13,Out,True,2026-10-13,2026-09-29,2026-10-10,2026-10-10T07:15:27Z,2026-10-01,,,2026-27,False,False,cbs,,8476454,1993-04-12,4,,On report,,,
2027da398971cfc6,2879664,MacKenzie Entwistle,RW,FLA,FLA,Undisclosed,Undisclosed,IR. Expected to be out until at least Oct 10,Out,True,2026-10-10,2026-09-29,2026-10-07,2026-10-07T16:37:24Z,2026-09-29,2026-10-07,8,2026-27,False,False,cbs,,8480025,1999-07-14,4,,Awaiting first game,,,
aa8a60c666296470,50001179,Bryce Pickford,D,MTL,MTL,Undisclosed,Undisclosed,IR. Expected to be out until at least Oct 17,Out,True,2026-10-17,2026-09-29,2026-10-09,2026-10-09T16:18:45Z,2026-09-29,,,2026-27,False,False,cbs,,8485218,2006-04-02,4,,On report,,,
c5c898ceb98cd4cf,29102361,Lucas Condotta,C,MTL,MTL,Undisclosed,Undisclosed,IR. Expected to be out until at least Oct 10,Out,True,2026-10-10,2026-09-29,2026-10-09,2026-10-09T16:18:45Z,2026-09-29,,,2026-27,False,False,cbs,,8483549,1997-11-06,4,,On report,,,
f99c6e1dccf9640c,28899632,Aidan Thompson,C,NYR,NYR,Undisclosed,Undisclosed,IR. Expected to be out until at least Oct 11,Out,True,2026-10-11,2026-09-29,2026-10-09,2026-10-09T16:18:45Z,2026-10-01,,,2026-27,False,False,cbs,,8483685,2002-02-18,6,,On report,,,
666be57eb83289cf,28902928,Nikita Grebenkin,RW,PHI,PHI,Upper Body,Upper Body,IR. Expected to be out until at least Oct 10,Out,True,2026-10-10,2026-09-29,2026-10-10,2026-10-10T07:15:27Z,2026-10-08,,,2026-27,False,False,cbs,,8483733,2003-05-02,5,,On report,e522027558b0a994,Same injury,6
3aaa178bbbbc1232,28899562,Cameron Lund,C,SJS,SJS,Upper Body,Upper Body,IR. Expected to be out until at least Oct 19,Out,True,2026-10-19,2026-09-29,2026-10-09,2026-10-09T16:18:45Z,2026-09-28,,,2026-27,False,False,cbs,,,,,,On report,,,
c7db43d44a79272c,29167287,Quentin Musty,LW,SJS,SJS,Upper Body,Upper Body,IR. Expected to be out until at least Dec 1,Out,True,2026-12-01,2026-09-29,2026-10-09,2026-10-09T16:18:45Z,2026-09-28,,,2026-27,False,False,cbs,,8484200,2005-07-06,4,,On report,,,
7f4cb5291ee66844,29373582,Cade Webber,D,TOR,TOR,Elbow,Upper Body,IR. Expected to be out until at least Oct 31,Out,True,2026-10-31,2026-09-29,2026-10-09,2026-10-09T16:18:45Z,2026-09-29,,,2026-27,False,False,cbs,,8481570,2001-01-05,5,,On report,,,
5ffabd583e44135a,26799690,William Villeneuve,D,TOR,TOR,Knee,Lower Body,IR. Expected to be out until at least Oct 31,Out,True,2026-10-31,2026-09-29,2026-10-09,2026-10-09T16:18:45Z,2026-09-29,,,2026-27,False,False,cbs,,8482174,2002-03-20,5,,On report,,,
c3beb49d88c12316,2992289,Akil Thomas,C,VAN,VAN,Undisclosed,Undisclosed,IR. Expected to be out until at least Oct 11,Out,True,2026-10-11,2026-09-29,2026-10-10,2026-10-10T07:15:27Z,2026-09-29,,,2026-27,False,False,cbs,,8480851,2000-01-02,5,,On report,,,
ccc47320946951e3,26799114,Jack Thompson,D,VAN,VAN,Undisclosed,Undisclosed,IR. Expected to be out until at least Oct 11,Out,True,2026-10-11,2026-09-29,2026-10-09,2026-10-09T16:18:45Z,2026-09-29,,,2026-27,False,False,cbs,,8482144,2002-03-19,5,,On report,,,
706640526ce4d2d8,2267064,MacKenzie MacEachern,LW,VAN,VAN,Undisclosed,Undisclosed,IR. Expected to be out until at least Oct 10,Out,True,2026-10-10,2026-09-29,2026-10-09,2026-10-09T16:18:45Z,2026-09-29,,,2026-27,False,False,cbs,,8476907,1994-03-09,5,,On report,,,
869efb56ac588422,50043134,Kai Uchacz,C,VGK,VGK,Undisclosed,Undisclosed,IR. Expected to be out until at least Oct 24,Out,True,2026-10-24,2026-09-29,2026-10-09,2026-10-09T16:18:45Z,2026-10-06,,,2026-27,False,False,cbs,,8485251,2003-06-24,5,,On report,,,
63f8f675f1136dec,26600484,Lukas Cormier,D,VGK,VGK,Undisclosed,Undisclosed,IR. Expected to be out until at least Oct 22,Out,True,2026-10-22,2026-09-29,2026-10-09,2026-10-09T16:18:45Z,2026-10-06,,,2026-27,False,False,cbs,,8482141,2002-03-27,5,,On report,,,
b940735b6eaf0227,3140726,Raphael Lavoie,C,VGK,VGK,Undisclosed,Undisclosed,Day-to-Day,Day-to-day,False,,2026-09-29,2026-10-08,2026-10-08T22:10:17Z,2026-10-07,2026-10-08,9,2026-27,False,False,cbs,,8481534,2000-09-25,4,2026-10-08,Played,,,
b3580756ef5c1598,28899568,Elias Salomonsson,D,WPG,WPG,Shoulder,Upper Body,IR. Expected to be out until at least Oct 15,Out,True,2026-10-15,2026-09-29,2026-10-09,2026-10-09T16:18:45Z,2026-09-29,,,2026-27,False,False,cbs,,8483510,2004-08-31,5,,On report,,,
c944171159d0fba9,26799378,Walker Duehr,RW,WPG,WPG,Lower Body,Lower Body,IR. Expected to be out until at least Oct 17,Out,True,2026-10-17,2026-09-29,2026-10-09,2026-10-09T16:18:45Z,2026-09-29,,,2026-27,False,False,cbs,,8482652,1997-11-23,5,,On report,,,
b47164cf28374a2b,2147521,Conor Sheary,LW,BUF,BUF,Undisclosed,Undisclosed,IR. Expected to be out until at least Oct 6,Out,True,2026-10-06,2026-09-28,2026-09-29,2026-09-29T17:42:30Z,2026-09-28,2026-09-29,1,2026-27,False,False,cbs,,8477839,1992-06-08,4,,Not played since,,,
f6754b3b329df5de,2858568,Conor Timmins,D,BUF,BUF,Lower Body,Lower Body,IR. Expected to be out until at least Oct 17,Out,True,2026-10-17,2026-09-28,2026-10-10,2026-10-10T07:15:27Z,2026-09-29,,,2026-27,False,False,cbs,,8479982,1998-09-18,4,,On report,,,
e48d4b322a03a9f0,3166853,Jack Rathbone,D,BUF,BUF,Undisclosed,Undisclosed,IR. Expected to be out until at least Oct 24,Out,True,2026-10-24,2026-09-28,2026-10-09,2026-10-09T16:18:45Z,2026-10-03,,,2026-27,False,False,cbs,,8480056,1999-05-20,4,,On report,,,
9f2af962c00f5684,2992841,Logan O'Connor,RW,COL,COL,Lower Body,Lower Body,IR. Expected to be out until at least Oct 10,Out,True,2026-10-10,2026-09-28,2026-10-10,2026-10-10T07:15:27Z,2026-10-08,,,2026-27,False,False,cbs,,8481186,1996-08-14,4,,On report,,,
07492e3a1b324934,26799321,Zachary L'Heureux,LW,COL,COL,Lower Body,Lower Body,IR. Expected to be out until at least Oct 7,Out,True,2026-10-07,2026-09-28,2026-10-07,2026-10-07T08:49:19Z,2026-10-03,2026-10-07,9,2026-27,False,False,cbs,,8482742,2003-05-15,2,2026-10-07,Played,,,
04b71deab9770589,50001091,Carter Bear,LW,DET,DET,Upper Body,Upper Body,IR. Expected to be out until at least Oct 10,Out,True,2026-10-10,2026-09-28,2026-10-09,2026-10-09T16:18:45Z,2026-10-06,,,2026-27,False,False,cbs,,8485362,2006-11-04,4,,On report,,,
0a0bf311de2cd0ae,26802454,Simon Edvinsson,D,DET,DET,Contract Dispute,Non-injury,Expected to be out until at least Oct 2,Out,False,2026-10-02,2026-09-28,2026-09-29,2026-09-29T20:43:43Z,2026-09-28,2026-09-30,2,2026-27,False,False,cbs,,8482762,2003-02-05,4,,Not played since,,,
b5da50e4063151f2,26802481,Oliver Kapanen,C,MTL,MTL,Lower Body,Lower Body,Day-to-Day,Day-to-day,False,,2026-09-28,2026-10-10,2026-10-10T07:15:27Z,2026-10-09,,,2026-27,False,False,cbs,,8482775,2003-07-29,4,,On report,,,
c9ed65c087c19ec9,2076015,Andre Burakovsky,LW,OTT,OTT,Upper Body,Upper Body,IR. Expected to be out until at least Oct 10,Out,True,2026-10-10,2026-09-28,2026-10-10,2026-10-10T07:15:27Z,2026-10-05,,,2026-27,False,False,cbs,,8477444,1995-02-09,4,,On report,,,
3a27130e3753d9ff,26799648,Helge Grans,D,PHI,PHI,Lower Body,Lower Body,IR. Expected to be out until at least Oct 11,Out,True,2026-10-11,2026-09-28,2026-10-09,2026-10-09T16:18:45Z,2026-10-08,,,2026-27,False,False,cbs,,8482169,2002-05-10,5,,On report,,,
07bc6e72dbe46a45,26802435,Tristan Broz,C,PIT,PIT,Lower Body,Lower Body,IR. Expected to be out until at least Oct 3,Out,True,2026-10-03,2026-09-28,2026-10-01,2026-10-01T21:00:12Z,2026-09-28,2026-10-01,3,2026-27,False,False,cbs,,8482698,2002-10-10,5,,Not played since,,,
61a51b5deef74ccb,2879747,Kyle Keyser,G,SJS,SJS,Upper Body,Upper Body,IR. Expected to be out until at least Dec 1,Out,True,2026-12-01,2026-09-28,2026-10-09,2026-10-09T16:18:45Z,2026-09-28,,,2026-27,False,False,cbs,,8480356,1999-03-08,4,,On report,,,
4476ac08ae85dc3d,28974592,Patrick Giles,RW,SJS,SJS,Upper Body,Upper Body,IR. Expected to be out until at least Oct 8,Out,True,2026-10-08,2026-09-28,2026-10-04,2026-10-04T17:38:42Z,2026-10-03,2026-10-04,6,2026-27,False,False,cbs,,8480825,2000-01-03,4,,Not played since,,,
ffd63b01f472671e,28895787,Maveric Lamoureux,D,UTA,UTA,Shoulder,Upper Body,IR. Expected to be out until at least Feb 12,Out,True,2027-02-12,2026-09-28,2026-10-10,2026-10-10T07:15:27Z,2026-09-28,,,2026-27,False,False,cbs,,8483472,2004-01-13,5,,On report,,,
48b13c6c02848101,2198224,Jake DeBrusk,LW,VAN,VAN,Lower Body,Lower Body,Day-to-Day,Day-to-day,False,,2026-09-28,2026-09-28,2026-09-28T21:56:11Z,2026-09-28,2026-09-28,0,2026-27,False,False,cbs,,8478498,1996-10-17,0,2026-09-29,Played,,,
a54f0bfce8f1416d,28895757,Pavel Mintyukov,D,ANA,ANA,Illness,Illness,Day-to-Day,Day-to-day,False,,2026-09-27,2026-09-28,2026-09-28T10:51:09Z,2026-09-27,2026-09-28,1,2026-27,False,False,cbs,,8483490,2003-11-25,0,2026-10-02,Played,,,
b325ec41d4f0c714,2858551,Ukko-Pekka Luukkonen,G,BUF,BUF,Lower Body,Lower Body,Day-to-Day,Day-to-day,False,,2026-09-27,2026-09-30,2026-09-30T10:28:02Z,2026-09-26,2026-09-30,3,2026-27,False,False,cbs,,8480045,1999-03-09,0,2026-10-01,Played,,,
3ecddffb2a98ffb7,28973342,Mikael Pyyhtia,LW,CBJ,CBJ,Lower Body,Lower Body,IR. Expected to be out until at least Oct 18,Out,True,2026-10-18,2026-09-27,2026-10-06,2026-10-06T17:16:27Z,2026-10-03,2026-10-06,9,2026-27,False,False,cbs,,8482451,2001-12-17,3,,Not played since,,,
6cd8dc7e1158f3e4,2992271,Alec Regula,D,EDM,EDM,Undisclosed,Undisclosed,IR. Expected to be out until at least Oct 24,Out,True,2026-10-24,2026-09-27,2026-10-10,2026-10-10T07:15:27Z,2026-10-01,,,2026-27,False,False,cbs,,8480831,2000-08-06,4,,On report,,,
5ecf0de31d3a5ff3,29167190,Jakub Dvorak,D,LAK,LAK,Upper Body,Upper Body,IR. Expected to be out until at least Oct 31,Out,True,2026-10-31,2026-09-27,2026-10-09,2026-10-09T16:18:45Z,2026-10-06,,,2026-27,False,False,cbs,,8484163,2005-05-25,3,,On report,,,
58097ddcc79cefd1,1897650,Joel Edmundson,D,LAK,LAK,Undisclosed,Undisclosed,Day-to-Day,Day-to-day,False,,2026-09-27,2026-09-30,2026-09-30T10:28:02Z,2026-09-26,2026-09-30,3,2026-27,False,False,cbs,,8476441,1993-06-28,0,2026-09-30,Played,,,
2d6c8f9eceb0a5f5,2147507,Bryan Rust,RW,PIT,PIT,Upper Body,Upper Body,IR. Expected to be out until at least Oct 7,Out,True,2026-10-07,2026-09-27,2026-10-07,2026-10-07T16:37:24Z,2026-10-05,2026-10-07,10,2026-27,False,False,cbs,,8475810,1992-05-11,3,2026-10-07,Played,,,
ccf2a74b2d1d9b68,50001108,Gabriel D'Aigle,G,PIT,PIT,Undisclosed,Undisclosed,IR. Expected to be out until at least Oct 29,Out,True,2026-10-29,2026-09-27,2026-10-01,2026-10-01T21:00:12Z,2026-09-24,2026-10-01,4,2026-27,False,False,cbs,,8485569,2006-11-21,5,,Not played since,,,
745f8e86c42e4971,50001174,Jake O'Brien,C,SEA,SEA,Lower Body,Lower Body,IR. Expected to be out until at least Oct 24,Out,True,2026-10-24,2026-09-27,2026-10-09,2026-10-09T16:18:45Z,2026-10-06,,,2026-27,False,False,cbs,,8485383,2007-06-16,5,,On report,,,
04a071a3fa31ce26,26802550,Mackie Samoskevich,RW,SEA,SEA,Upper Body,Upper Body,IR. Expected to be out until at least Oct 3,Out,True,2026-10-03,2026-09-27,2026-10-03,2026-10-03T12:37:20Z,2026-09-27,2026-10-03,6,2026-27,False,False,cbs,,8482713,2002-11-15,1,2026-10-03,Played,,,
54c69dc3825c2180,26802507,Logan Mailloux,D,STL,STL,Hand,Upper Body,IR. Expected to be out until at least Nov 25,Out,True,2026-11-25,2026-09-27,2026-10-10,2026-10-10T07:15:27Z,2026-09-28,,,2026-27,False,False,cbs,,8482733,2003-04-15,4,,On report,,,
dac5c152f6f068ae,29101182,Brock Faber,D,MIN,MIN,Skull,Other,IR. Expected to be out until at least Oct 15,Out,True,2026-10-15,2026-09-26,2026-10-10,2026-10-10T07:15:27Z,2026-09-29,,,2026-27,False,False,cbs,,8482122,2002-08-22,4,,On report,,,
9a61eaf1807503a5,2094574,Ryan Graves,D,PIT,PIT,Knee,Lower Body,IR. Expected to be out until at least Oct 24,Out,True,2026-10-24,2026-09-26,2026-10-10,2026-10-10T07:15:27Z,2026-09-27,,,2026-27,False,False,cbs,,8477435,1995-05-21,5,,On report,,,
4e1d5b3ffcc3d5a4,2940994,Jacob Bernard-Docker,D,DET,DET,Upper Body,Upper Body,IR. Expected to be out until at least Oct 9,Out,True,2026-10-09,2026-09-25,2026-10-08,2026-10-08T16:36:06Z,2026-09-28,2026-10-08,13,2026-27,False,False,cbs,,8480879,2000-06-30,4,,Not played since,,,
b7e0d48db9cd147c,2076017,Jason Dickinson,C,EDM,EDM,Foot,Lower Body,IR. Expected to be out until at least Oct 7,Out,True,2026-10-07,2026-09-25,2026-10-07,2026-10-07T16:37:24Z,2026-10-05,2026-10-07,12,2026-27,False,False,cbs,,8477450,1995-07-04,3,2026-10-07,Played,,,
90151030ad49c980,,Mason Lohrei,D,BOS,BOS,Undisclosed,Undisclosed,Expected to be out until at least Sep 25,Out,False,2026-09-25,2026-09-24,2026-09-24,2026-09-24T16:00:00Z,2026-09-23,2026-09-24,0,2026-27,False,False,sheet,,8482511,2001-01-17,0,2026-09-29,Played,,,
0e6e3b67c33572e5,2269101,Alex Lyon,G,BUF,BUF,Upper Body,Upper Body,IR. Expected to be out until at least Oct 10,Out,True,2026-10-10,2026-09-24,2026-10-10,2026-10-10T07:15:27Z,2026-10-05,,,2026-27,False,False,cbs,,8479312,1992-12-09,4,,On report,,,
674b6e91621d3408,28895785,Jiri Kulich,C,BUF,BUF,Undisclosed,Undisclosed,Expected to be out until at least Oct 1,Out,False,2026-10-01,2026-09-24,2026-09-27,2026-09-27T09:59:05Z,2026-09-25,2026-09-27,3,2026-27,False,False,cbs,,8483468,2004-04-14,0,2026-10-01,Played,,,
56dfe6133af468b6,2845354,Jake Oettinger,G,DAL,DAL,Lower Body,Lower Body,Day-to-Day,Day-to-day,False,,2026-09-24,2026-09-30,2026-09-30T10:28:02Z,2026-09-27,2026-09-30,6,2026-27,False,False,sheet,,8479979,1998-12-18,0,2026-10-02,Played,,,
88cfec4a0c3148c9,1685404,Matt Duchene,C,DAL,DAL,Lower Body,Lower Body,IR. Expected to be out until at least Oct 25,Out,True,2026-10-25,2026-09-24,2026-10-10,2026-10-10T07:15:27Z,2026-10-01,,,2026-27,False,False,cbs,,8475168,1991-01-16,4,,On report,,,
dad3c42201962fe7,29404908,Ivan Demidov,RW,MTL,MTL,Foot,Lower Body,Day-to-Day,Day-to-day,False,,2026-09-24,2026-09-29,2026-09-29T20:43:43Z,2026-09-27,2026-09-30,6,2026-27,False,False,cbs,,8484984,2005-12-10,0,2026-09-29,Played,,,
4765f1a6965812df,28899547,Seamus Casey,D,NJD,NJD,Knee,Lower Body,IR. Expected to be out until at least Nov 21,Out,True,2026-11-21,2026-09-24,2026-10-10,2026-10-10T07:15:27Z,2026-10-02,,,2026-27,False,False,cbs,,8483429,2004-01-08,3,,On report,,,
15ad92221cda4424,3140820,Jordan Spence,D,OTT,OTT,Undisclosed,Undisclosed,Expected to be out until at least Sep 26,Out,False,2026-09-26,2026-09-24,2026-09-25,2026-09-25T20:00:23Z,2026-09-23,2026-09-26,2,2026-27,False,False,sheet,,8481606,2001-02-24,0,2026-10-03,Played,,,
a4a9ac0954e54ec8,26648515,Shane Pinto,C,OTT,OTT,Undisclosed,Undisclosed,Day-to-Day,Day-to-day,False,,2026-09-24,2026-09-28,2026-09-28T21:56:11Z,2026-09-27,2026-09-28,4,2026-27,False,False,cbs,,8481596,2000-11-12,0,2026-10-03,Played,,,
7d337eeb1234ef15,2850816,Andrei Kuzmenko,LW,PIT,PIT,Personal,Non-injury,IR. Expected to be out until at least Oct 3,Out,True,2026-10-03,2026-09-24,2026-10-02,2026-10-02T15:52:45Z,2026-09-28,2026-10-02,8,2026-27,False,False,sheet,,8483808,1996-02-04,1,2026-10-03,Played,,,
21518366cc4aeaa2,2147476,Nick Paul,C,TOR,TOR,Undisclosed,Undisclosed,Day-to-Day,Day-to-day,False,,2026-09-24,2026-09-29,2026-09-29T20:43:43Z,2026-09-23,2026-09-30,6,2026-27,False,False,sheet,,8477426,1995-03-20,0,2026-09-29,Played,,,
590ea6d9024fc1be,2271605,Michael Carcone,LW,UTA,UTA,Undisclosed,Undisclosed,Day-to-Day,Day-to-day,False,,2026-09-24,2026-09-26,2026-09-26T19:12:08Z,2026-09-25,2026-09-27,3,2026-27,False,False,sheet,,8479619,1996-05-19,0,2026-10-01,Played,,,
ab4d3ad68c76b8f0,2845320,Filip Chytil,C,VAN,VAN,Shoulder,Upper Body,IR. Expected to be out until at least Oct 10,Out,True,2026-10-10,2026-09-24,2026-10-10,2026-10-10T07:15:27Z,2026-10-07,,,2026-27,False,False,cbs,,8480078,1999-09-05,5,,On report,,,
39f3f243a50545af,28899567,Matthew Poitras,C,BOS,BOS,Lower Body,Lower Body,IR. Expected to be out until at least Oct 5,Out,True,2026-10-05,2026-09-23,2026-10-05,2026-10-05T07:10:28Z,2026-09-27,2026-10-05,12,2026-27,False,False,sheet,,8483505,2004-03-10,3,2026-10-05,Played,,,
4299e7482a5fb201,3158655,Mattias Samuelsson,D,BUF,BUF,Lower Body,Lower Body,IR. Expected to be out until at least Oct 1,Out,True,2026-10-01,2026-09-23,2026-10-01,2026-10-01T10:55:26Z,2026-09-30,2026-10-01,8,2026-27,False,False,sheet,,8480807,2000-03-14,0,2026-10-01,Played,,,
196890ca73eed0ef,26799426,Olen Zellweger,D,BUF,BUF,Concussion,Head / Neck,IR. Expected to be out until at least Oct 3,Out,True,2026-10-03,2026-09-23,2026-10-02,2026-10-02T15:52:45Z,2026-10-01,2026-10-02,9,2026-27,False,False,sheet,,8482803,2003-09-10,1,2026-10-03,Played,,,
03f983a4b81b0151,2940938,Brady Tkachuk,LW,FLA,FLA,Undisclosed,Undisclosed,Day-to-Day,Day-to-day,False,,2026-09-23,2026-09-28,2026-09-28T10:51:09Z,2026-09-27,2026-09-28,5,2026-27,False,False,sheet,,8480801,1999-09-16,0,2026-09-29,Played,,,
14781422ca88ef89,2271620,Dan Vladar,G,PHI,PHI,Upper Body,Upper Body,Day-to-Day,Day-to-day,False,,2026-09-23,2026-09-29,2026-09-29T16:33:52Z,2026-09-27,2026-09-29,6,2026-27,False,False,sheet,,8478435,1997-08-20,0,2026-09-30,Played,,,
2cd04f19121b5054,2245479,Dante Fabbro,D,CBJ,CBJ,Upper Body,Upper Body,IR. Expected to be out until at least Nov 3,Out,True,2026-11-03,2026-09-22,2026-10-10,2026-10-10T07:15:27Z,2026-09-27,,,2026-27,False,False,sheet,,8479371,1998-06-20,3,,On report,,,
4cd69d9b150fb10d,433603,Corey Perry,RW,LAK,LAK,Personal,Non-injury,Day-to-Day,Day-to-day,False,,2026-09-22,2026-09-30,2026-09-30T20:47:24Z,2026-09-27,2026-10-01,9,2026-27,False,False,sheet,,8470621,1985-05-16,1,2026-10-03,Played,,,
f3d141d72d95226b,28899587,Adam Sykora,LW,NYR,NYR,Lower Body,Lower Body,IR. Expected to be out until at least Jan 25,Out,True,2027-01-25,2026-09-22,2026-10-10,2026-10-10T07:15:27Z,2026-09-28,,,2026-27,False,False,sheet,,8483669,2004-09-07,6,,On report,,,
19fc012a19408e9f,26799432,Vincent Iorio,D,NYR,NYR,Lower Body,Lower Body,IR. Expected to be out until at least Oct 1,Out,True,2026-10-01,2026-09-22,2026-09-29,2026-09-29T17:42:30Z,2026-09-29,2026-09-29,7,2026-27,False,False,sheet,,8482861,2002-11-14,6,,Not played since,,,
6918958d881680cb,29167152,Denver Barkey,C,PHI,PHI,Lower Body,Lower Body,IR. Expected to be out until at least Oct 10,Out,True,2026-10-10,2026-09-22,2026-10-05,2026-10-05T16:09:10Z,2026-10-04,2026-10-05,13,2026-27,False,False,sheet,,8484142,2005-04-27,3,2026-10-05,Played,,,
abb1e8df103797dd,50001142,Benjamin Kindel,C,PIT,PIT,Lower Body,Lower Body,IR. Expected to be out until at least Oct 7,Out,True,2026-10-07,2026-09-22,2026-10-03,2026-10-03T17:25:19Z,2026-09-27,2026-10-03,11,2026-27,False,False,sheet,,8485414,2007-04-19,1,2026-10-03,Played,,,
c87f8057e36653ef,2921134,Justin Brazeau,RW,PIT,PIT,Lower Body,Lower Body,IR. Expected to be out until at least Oct 10,Out,True,2026-10-10,2026-09-22,2026-10-10,2026-10-10T07:15:27Z,2026-10-07,,,2026-27,False,False,sheet,,8479638,1998-02-02,5,,On report,,,
9edb31f502dcddeb,2987952,Tyler Tucker,D,STL,STL,Knee,Lower Body,IR. Expected to be out until at least Nov 12,Out,True,2026-11-12,2026-09-22,2026-10-10,2026-10-10T07:15:27Z,2026-09-30,,,2026-27,False,False,sheet,,8481006,2000-03-01,4,,On report,,,
5bac739d431fc768,559829,Alex Ovechkin,LW,WSH,WSH,Lower Body,Lower Body,Day-to-Day,Day-to-day,False,,2026-09-22,2026-09-30,2026-09-30T10:28:02Z,2026-09-27,2026-09-30,8,2026-27,False,False,sheet,,8471214,1985-09-17,0,2026-10-02,Played,,,
e728b82ea91c68c0,2147206,Kurtis MacDermid,LW,OTT,OTT,Upper Body,Upper Body,IR. Expected to be out until at least Oct 31,Out,True,2026-10-31,2026-09-21,2026-10-10,2026-10-10T07:15:27Z,2026-09-28,,,2026-27,False,False,sheet,,8477073,1994-03-25,4,,On report,,,
0434b832b7f897ba,,Thomas Chabot,D,OTT,OTT,Personal,Non-injury,Day-to-Day,Day-to-day,False,,2026-09-21,2026-09-23,2026-09-23T16:00:00Z,2026-09-22,2026-09-24,3,2026-27,False,True,sheet,,8478469,1997-01-30,0,2026-10-03,Played,,,
106f860450d407c5,3111074,Blake Lizotte,C,PIT,PIT,Lower Body,Lower Body,Day-to-Day,Day-to-day,False,,2026-09-21,2026-10-03,2026-10-03T12:37:20Z,2026-10-01,2026-10-03,12,2026-27,False,False,sheet,,8481481,1997-12-13,0,2026-09-30,Played,,,
c373a198c00187b2,2271612,A.J. Greer,LW,ANA,ANA,Upper Body,Upper Body,Day-to-Day,Day-to-day,False,,2026-09-20,2026-10-02,2026-10-02T20:48:46Z,2026-09-27,2026-10-02,12,2026-27,False,False,sheet,,8478421,1996-12-14,0,2026-10-02,Played,,,
4780c1265c36f4a5,2992045,Colin Blackwell,C,DAL,DAL,Lower Body,Lower Body,Day-to-Day,Day-to-day,False,,2026-09-20,2026-09-27,2026-09-27T19:45:05Z,2026-09-27,2026-09-28,8,2026-27,False,False,sheet,,8476278,1993-03-28,1,2026-10-03,Played,,,
1d1289d52934db06,2921715,Adam Gaudette,C,SJS,SJS,Upper Body,Upper Body,IR. Expected to be out until at least Oct 10,Out,True,2026-10-10,2026-09-20,2026-10-10,2026-10-10T07:15:27Z,2026-09-29,,,2026-27,False,False,sheet,,8478874,1996-10-03,4,,On report,,,
c85174a743eef3d9,29700624,Ian Moore,D,ANA,ANA,Lower Body,Lower Body,IR. Expected to be out until at least Oct 16,Out,True,2026-10-16,2026-09-18,2026-10-10,2026-10-10T07:15:27Z,2026-09-28,,,2026-27,False,False,sheet,,8482178,2002-01-04,4,,On report,,,
0e6dc4905806b9da,,Brian Dumoulin,D,LAK,LAK,Undisclosed,Undisclosed,Questionable for start of season,Questionable,False,,2026-09-18,2026-09-19,2026-09-19T16:00:00Z,2026-09-17,2026-09-20,2,2026-27,False,True,sheet,,8475208,1991-09-06,0,2026-09-30,Played,,,
8b5442c6adadd34e,1771018,Mats Zuccarello,RW,LAK,LAK,Shoulder,Upper Body,Day-to-Day,Day-to-day,False,,2026-09-18,2026-09-26,2026-09-26T19:12:08Z,2026-09-24,2026-09-27,9,2026-27,False,False,sheet,,8475692,1987-09-01,0,2026-09-30,Played,,,
ad85c6eb4cbf5095,3103731,Johnathan Kovacevic,D,NJD,NJD,Knee,Lower Body,IR. Expected to be out until at least Oct 10,Out,True,2026-10-10,2026-09-18,2026-10-10,2026-10-10T07:15:27Z,2026-10-06,,,2026-27,False,False,sheet,,8480192,1997-07-12,3,,On report,,,
84bd3934df9ce3f1,2054009,Nick Bjugstad,C,NJD,NJD,Pectoral,Upper Body,IR. Expected to be out until at least Jan 19,Out,True,2027-01-19,2026-09-18,2026-10-10,2026-10-10T07:15:27Z,2026-10-09,,,2026-27,False,False,sheet,,8475760,1992-07-17,3,,On report,,,
c5e15b3b167e9145,,Tyson Hinds,D,ANA,ANA,Lower Body,Lower Body,Questionable for start of season,Questionable,False,,2026-09-17,2026-09-19,2026-09-19T16:00:00Z,2026-09-16,2026-09-20,3,2026-27,False,True,sheet,,8482731,2003-03-12,0,2026-10-02,Played,,,
09b3e1a54819dbca,1960880,Jason Zucker,LW,BUF,BUF,Abdomen,Upper Body,IR. Expected to be out until at least Oct 15,Out,True,2026-10-15,2026-09-17,2026-10-09,2026-10-09T16:18:45Z,2026-09-28,,,2026-27,False,False,sheet,,8475722,1992-01-16,4,,On report,,,
ec166d2f585961b1,29700070,Alexander Nikishin,D,CAR,CAR,Contract Dispute,Non-injury,Expected to be out until at least Oct 10,Out,False,2026-10-10,2026-09-17,2026-09-29,2026-09-29T10:39:13Z,2026-09-28,2026-09-29,12,2026-27,False,False,sheet,,8482100,2001-10-02,5,,Not played since,,,
5273a959750956c1,,Adam Fantilli,C,CBJ,CBJ,Contract Dispute,Non-injury,Expected to be out until at least Oct 1,Out,False,2026-10-01,2026-09-17,2026-09-24,2026-09-24T16:00:00Z,2026-09-22,2026-09-24,7,2026-27,False,False,sheet,,8484166,2004-10-12,0,2026-10-01,Played,,,
0302b64dca58e495,2147651,Warren Foegele,LW,OTT,OTT,Undisclosed,Undisclosed,IR. Expected to be out until at least Oct 3,Out,True,2026-10-03,2026-09-17,2026-10-02,2026-10-02T15:52:45Z,2026-09-28,2026-10-02,15,2026-27,False,False,sheet,,8477998,1996-04-01,0,2026-10-03,Played,,,
5df0a243e05471db,,Morgan Rielly,D,TOR,TOR,Illness,Illness,Questionable for start of season,Questionable,False,,2026-09-17,2026-09-21,2026-09-21T16:00:00Z,2026-09-19,2026-09-22,5,2026-27,False,True,sheet,,8476853,1994-03-09,0,2026-09-29,Played,,,
adb69b756fe3ecbc,,Connor Hellebuyck,G,WPG,WPG,Suspension,Non-injury,Questionable for start of season,Questionable,False,,2026-09-17,2026-09-17,2026-09-17T16:00:00Z,2026-09-16,2026-09-18,1,2026-27,False,True,sheet,,8476945,1993-05-19,5,,Not played since,,,
e8e07f6754c3f40a,2845129,Cale Makar,D,COL,COL,Lower Body,Lower Body,Expected to be out until at least Sep 26,Out,False,2026-09-26,2026-09-16,2026-09-25,2026-09-25T04:34:55Z,2026-09-19,2026-09-25,9,2026-27,False,False,sheet,,8480069,1998-10-30,0,2026-09-30,Played,,,
9ef5a5f2d7d87c19,28899704,Dominic James,C,TBL,TBL,Hand,Upper Body,IR. Expected to be out until at least Oct 10,Out,True,2026-10-10,2026-09-16,2026-10-09,2026-10-09T16:18:45Z,2026-10-08,,,2026-27,False,False,sheet,,8483752,2002-07-03,4,,On report,,,
75d3e7eb8ada4743,2147340,Yanni Gourde,C,TBL,TBL,Hip,Lower Body,IR. Expected to be out until at least Dec 2,Out,True,2026-12-02,2026-09-16,2026-10-10,2026-10-10T07:15:27Z,2026-09-28,,,2026-27,False,False,sheet,,8476826,1991-12-15,4,,On report,,,
534efa9a9913635e,26560471,Kaiden Guhle,D,MTL,MTL,Groin,Lower Body,IR. Expected to be out until at least Oct 20,Out,True,2026-10-20,2026-09-15,2026-10-10,2026-10-10T07:15:27Z,2026-10-05,,,2026-27,False,False,sheet,,8482087,2002-01-18,4,,On report,,,
fa2b82f6d606389e,29407705,Adam Jecho,C,STL,STL,Personal,Non-injury,IR. Expected to be out until at least Nov 3,Out,True,2026-11-03,2026-09-12,2026-10-09,2026-10-09T16:18:45Z,2026-09-11,,,2026-27,False,False,sheet,,8484792,2006-03-24,4,,On report,,,
8b161406bdcabd2e,2039464,Frederik Andersen,G,EDM,EDM,Knee,Lower Body,IR. Expected to be out until at least Dec 30,Out,True,2026-12-30,2026-08-27,2026-10-10,2026-10-10T07:15:27Z,2026-09-29,,,2026-27,False,False,sheet,,8475883,1989-10-02,4,,On report,,,
f062cdf4cead8304,28895759,Matthew Savoie,C,EDM,EDM,Lower Body,Lower Body,IR. Expected to be out until at least Nov 24,Out,True,2026-11-24,2026-08-27,2026-10-10,2026-10-10T07:15:27Z,2026-10-01,,,2026-27,False,False,sheet,,8483512,2004-01-01,4,,On report,,,
4a3b4ea71a58a443,3107125,Elvis Merzlikins,G,CBJ,CBJ,Shoulder,Upper Body,IR. Expected to be out until at least Nov 30,Out,True,2026-11-30,2026-08-21,2026-09-29,2026-09-29T10:39:13Z,2026-09-29,2026-09-29,39,2026-27,False,False,sheet,,8478007,1994-04-13,3,,Not played since,,,
9784bdbe71dd91ba,2940987,Isac Lundestrom,C,CBJ,CBJ,Achilles,Lower Body,IR. Expected to be out until at least Dec 3,Out,True,2026-12-03,2026-07-20,2026-10-10,2026-10-10T07:15:27Z,2026-10-01,,,2026-27,False,False,sheet,,8480806,1999-11-06,3,,On report,,,
3a7abef0121fd9d6,29167155,Connor Bedard,C,CHI,CHI,Shoulder,Upper Body,IR. Expected to be out until at least Nov 7,Out,True,2026-11-07,2026-07-09,2026-10-10,2026-10-10T07:15:27Z,2026-09-28,,,2026-27,False,False,sheet,,8484144,2005-07-17,5,,On report,,,
56f07ffab6154789,,Eric Robinson,LW,CAR,CAR,Knee,Lower Body,Questionable for start of season,Questionable,False,,2026-06-27,2026-09-17,2026-09-17T16:00:00Z,2026-09-10,2026-09-18,83,2025-26,False,True,sheet,,8480762,1995-06-14,0,2026-09-29,Played,,,
eb2d7adfefa0562d,26597475,Seth Jarvis,C,CAR,CAR,Shoulder,Upper Body,IR. Expected to be out until at least Oct 24,Out,True,2026-10-24,2026-06-27,2026-10-10,2026-10-10T07:15:27Z,2026-09-27,,,2025-26,False,False,sheet,,8482093,2002-02-01,5,,On report,,,
c87476434b4c288d,,William Karlsson,C,VGK,VGK,Wrist,Upper Body,Questionable for start of season,Questionable,False,,2026-06-12,2026-09-17,2026-09-17T16:00:00Z,2026-09-10,2026-09-18,98,2025-26,False,True,sheet,,8476448,1993-01-08,1,2026-09-29,Played,,,
2e043132f5fb6708,,William Carrier,LW,CAR,CAR,Upper Body,Upper Body,Day-to-Day,Day-to-day,False,,2026-06-07,2026-06-09,2026-06-09T16:00:00Z,2026-06-06,2026-06-10,3,2025-26,False,True,sheet,,8477478,1994-12-20,0,2026-06-09,Played,,,
d7dad781b4a10b48,,Brayden McNabb,D,VGK,VGK,Face,Head / Neck,Day-to-Day,Day-to-day,False,,2026-06-05,2026-06-06,2026-06-06T16:00:00Z,2026-06-04,2026-06-07,2,2025-26,False,True,sheet,,8475188,1991-01-21,0,2026-06-06,Played,,,
a52c314cbf4d1ad6,,Valeri Nichushkin,RW,COL,CBJ,Lower Body,Lower Body,Questionable for start of season,Questionable,False,,2026-05-25,2026-09-13,2026-09-13T16:00:00Z,2026-09-10,2026-09-14,112,2025-26,False,True,sheet,Merged at import: listed under COL then CBJ.,8477501,1995-03-04,0,2026-10-01,Played,,,
c2fdec676a7fb724,,Nathan MacKinnon,C,COL,COL,Lower Body,Lower Body,Day-to-Day,Day-to-day,False,,2026-05-25,2026-05-26,2026-05-26T16:00:00Z,2026-05-24,2026-05-26,1,2025-26,False,False,sheet,,8477492,1995-09-01,0,2026-05-26,Played,,,
daa8f2bb8219e51e,2076018,Max Domi,C,TOR,TOR,Back,Upper Body,IR. Expected to be out until at least Nov 21,Out,True,2026-11-21,2026-05-25,2026-10-10,2026-10-10T07:15:27Z,2026-09-30,,,2025-26,False,False,sheet,,8477503,1995-03-02,5,,On report,,,
817294bc9fe4e33f,2921773,Troy Terry,RW,ANA,ANA,Hip,Lower Body,IR. Expected to be out until at least Nov 21,Out,True,2026-11-21,2026-05-22,2026-10-10,2026-10-10T07:15:27Z,2026-09-30,,,2025-26,False,False,sheet,,8478873,1997-09-10,4,,On report,,,
e5c6d19504025360,2245486,Filip Gustavsson,G,MIN,MIN,Hip,Lower Body,IR. Expected to be out until at least Nov 1,Out,True,2026-11-01,2026-05-19,2026-10-10,2026-10-10T07:15:27Z,2026-10-09,,,2025-26,False,False,sheet,,8479406,1998-06-07,4,,On report,,,
51ae1bf4b92df5b6,,Brent Burns,D,COL,COL,Undisclosed,Undisclosed,Day-to-Day,Day-to-day,False,,2026-05-17,2026-05-19,2026-05-19T16:00:00Z,2026-05-16,2026-05-19,2,2025-26,False,False,sheet,,8470613,1985-03-09,0,2026-05-20,Played,,,
e8c781276e1517dd,,Cale Makar,D,COL,COL,Upper Body,Upper Body,Day-to-Day,Day-to-day,False,,2026-05-17,2026-05-24,2026-05-24T16:00:00Z,2026-05-24,2026-05-24,7,2025-26,False,False,sheet,,8480069,1998-10-30,2,2026-05-24,Played,,,
044fe422a5936296,,Josh Manson,D,COL,COL,Undisclosed,Undisclosed,Day-to-Day,Day-to-day,False,,2026-05-17,2026-05-17,2026-05-17T16:00:00Z,2026-05-16,2026-05-17,0,2025-26,False,False,sheet,,8476312,1991-10-07,0,2026-05-20,Played,,,
6366f2c0b4d456bc,,Nick Jensen,D,OTT,ANA,Lower Body,Lower Body,Questionable for start of season,Questionable,False,,2026-05-14,2026-09-21,2026-09-21T16:00:00Z,2026-09-19,2026-09-22,131,2025-26,False,True,sheet,Merged at import: listed under OTT then ANA.,8475324,1990-09-21,5,,Not played since,,,
1a2829b1d99dc32d,,Petr Mrazek,G,ANA,ANA,Hip,Lower Body,Probable for start of season,Probable,False,,2026-05-14,2026-09-15,2026-09-15T16:00:00Z,2026-06-29,2026-09-16,125,2025-26,False,True,sheet,,8475852,1992-02-14,5,,Not played since,,,
157c28cf3828718a,,Jiri Kulich,C,BUF,BUF,Ear,Head / Neck,Questionable for start of season,Questionable,False,,2026-05-14,2026-09-12,2026-09-12T16:00:00Z,2026-09-10,2026-09-13,122,2025-26,False,True,sheet,,8483468,2004-04-14,3,2026-10-01,Played,,,
d31de04a12903812,,Tyler Seguin,C,DAL,DAL,Knee,Lower Body,Probable for start of season,Probable,False,,2026-05-14,2026-09-03,2026-09-03T16:00:00Z,2026-02-27,2026-09-04,113,2025-26,False,True,sheet,,8475794,1992-01-31,0,2026-10-02,Played,,,
7b3d974cb60e4f05,2197831,Mattias Janmark,C,EDM,EDM,Undisclosed,Undisclosed,IR. Expected to be out until at least Oct 15,Out,True,2026-10-15,2026-05-14,2026-10-10,2026-10-10T07:15:27Z,2026-09-29,,,2025-26,False,False,sheet,,8477406,1992-12-08,4,,On report,,,
d611c0a8978aff78,2146557,Kevin Fiala,LW,LAK,LAK,Lower Leg,Lower Body,IR. Expected to be out until at least Oct 17,Out,True,2026-10-17,2026-05-14,2026-10-10,2026-10-10T07:15:27Z,2026-10-03,,,2025-26,False,False,sheet,,8477942,1996-07-22,3,,On report,,,
accc98095a6662d3,,Zach Bogosian,D,MIN,MIN,Lower Body,Lower Body,Probable for start of season,Probable,False,,2026-05-14,2026-09-04,2026-09-04T16:00:00Z,2026-05-13,2026-09-05,114,2025-26,False,True,sheet,,8474567,1990-07-15,0,2026-10-01,Played,bab4462ea74112e4,Same injury,5
14c7a4ca77ba1649,,Patrik Laine,RW,MTL,MTL,Abdomen,Upper Body,IR. Expected to be out until at least Sep 15,Out,True,2026-09-15,2026-05-14,2026-05-31,2026-05-31T16:00:00Z,2026-05-29,2026-06-01,18,2025-26,False,True,sheet,,8479339,1998-04-19,12,,Not played since,,,
474a478d92f4c7ce,,Rodrigo Abols,C,PHI,PHI,Ankle,Lower Body,Questionable for start of season,Questionable,False,,2026-05-14,2026-07-13,2026-07-13T16:00:00Z,2026-06-29,2026-07-14,61,2025-26,False,True,sheet,,8479022,1996-01-05,5,,Not played since,,,
90200ea0e10f305b,,Caleb Jones,D,PIT,PIT,Shoulder,Upper Body,Questionable for start of season,Questionable,False,,2026-05-14,2026-09-16,2026-09-16T16:00:00Z,2026-09-10,2026-09-17,126,2025-26,False,True,sheet,,8478452,1997-06-06,5,,Not played since,,,
a381d0e5ae337fad,,Filip Hallander,C,PIT,PIT,Leg,Lower Body,Probable for start of season,Probable,False,,2026-05-14,2026-09-02,2026-09-02T16:00:00Z,2026-04-25,2026-09-03,112,2025-26,False,True,sheet,,8480842,2000-06-29,0,2026-09-30,Played,,,
152ea093ec8d5840,1639463,Alex Pietrangelo,D,VGK,VGK,Hip,Lower Body,IR. Expected to be out until at least Jul 1,Out for season,True,2027-07-01,2026-05-14,2026-10-10,2026-10-10T07:15:27Z,2026-07-11,,,2025-26,False,False,sheet,Probably career ending injury,8474565,1990-01-18,16,,On report,,,
d6790e3bde884ab7,,Brayden McNabb,D,VGK,VGK,Suspension,Non-injury,Expected to be out until at least May 16,Out,False,2026-05-16,2026-05-14,2026-05-14,2026-05-14T16:00:00Z,2026-05-13,2026-05-14,0,2025-26,False,False,sheet,,8475188,1991-01-21,1,2026-05-20,Played,,,
4e799867b061ec3a,,Ryan Poehling,C,ANA,ANA,Lower Body,Lower Body,Questionable for start of season,Questionable,False,,2026-05-13,2026-09-21,2026-09-21T16:00:00Z,2026-09-20,2026-09-22,132,2025-26,False,True,sheet,,8480068,1999-01-03,1,2026-10-02,Played,,,
2276eacb0e93eaa7,2245507,Charlie McAvoy,D,BOS,BOS,Suspension,Non-injury,Expected to be out until at least Oct 13,Out,False,2026-10-13,2026-05-13,2026-09-30,2026-09-30T10:28:02Z,2026-09-01,2026-09-30,140,2025-26,False,False,sheet,Zach Benson is a rat and deserved it,8479325,1997-12-21,5,,Not played since,,,
26ed50f4409fe962,2198286,Mathew Barzal,C,NYI,NYI,Knee,Lower Body,IR. Expected to be out until at least Oct 10,Out,True,2026-10-10,2026-05-13,2026-10-10,2026-10-10T07:15:27Z,2026-10-03,,,2025-26,False,False,sheet,,8478445,1997-05-26,4,,On report,,,
369387e68a7cb8db,,Artturi Lehkonen,LW,COL,COL,Upper Body,Upper Body,Day-to-Day,Day-to-day,False,,2026-05-12,2026-05-20,2026-05-20T16:00:00Z,2026-05-14,2026-05-20,8,2025-26,False,False,sheet,,8477476,1995-07-04,1,2026-05-20,Played,,,
73001ff2611aa714,,Sam Malinski,D,COL,COL,Upper Body,Upper Body,Day-to-Day,Day-to-day,False,,2026-05-12,2026-05-20,2026-05-20T16:00:00Z,2026-05-14,2026-05-20,8,2025-26,False,False,sheet,,8484258,1998-07-27,1,2026-05-20,Played,,,
e7e5a6ca0590c102,29023281,Drew Helleson,D,ANA,ANA,Lower Body,Lower Body,IR. Expected to be out until at least Oct 10,Out,True,2026-10-10,2026-05-11,2026-10-10,2026-10-10T07:15:27Z,2026-10-07,,,2025-26,False,False,sheet,,8481563,2001-03-26,6,,On report,,,
151d7d237151709b,,Mark Stone,RW,VGK,VGK,Lower Body,Lower Body,Day-to-Day,Day-to-day,False,,2026-05-09,2026-05-24,2026-05-24T16:00:00Z,2026-05-23,2026-05-24,15,2025-26,False,False,sheet,,8475913,1992-05-13,5,2026-05-24,Played,,,
cee39af1d9405e40,,Nikita Zadorov,D,BOS,BOS,Knee,Lower Body,Questionable for start of season,Questionable,False,,2026-05-07,2026-09-15,2026-09-15T16:00:00Z,2026-09-10,2026-09-16,132,2025-26,True,True,sheet,,8477507,1995-04-16,0,2026-09-29,Played,,,
6c0faa70ed9ded72,,Justin Danforth,RW,BUF,BUF,Kneecap,Lower Body,Questionable for start of season,Questionable,False,,2026-05-07,2026-09-12,2026-09-12T16:00:00Z,2026-09-10,2026-09-13,129,2025-26,True,True,sheet,,8479941,1993-03-15,8,2026-10-06,Played,,,
d049e2334c3a1121,,Noah Ostlund,C,BUF,BUF,Lower Body,Lower Body,Questionable for start of season,Questionable,False,,2026-05-07,2026-09-14,2026-09-14T16:00:00Z,2026-09-10,2026-09-15,131,2025-26,True,True,sheet,,8483500,2004-03-11,6,2026-10-01,Played,,,
b2e09ceae851fb1b,,Sam Carrick,C,BUF,BUF,Arm,Upper Body,Day-to-Day,Day-to-day,False,,2026-05-07,2026-05-09,2026-05-09T16:00:00Z,2026-05-09,2026-05-09,2,2025-26,True,False,sheet,,8475842,1992-02-04,1,2026-05-10,Played,,,
60f570ad3c364e7f,,Brendan Smith,D,CBJ,CBJ,Knee,Lower Body,Probable for start of season,Probable,False,,2026-05-07,2026-09-15,2026-09-15T16:00:00Z,2026-04-14,2026-09-16,132,2025-26,True,True,sheet,,8474090,1989-02-08,3,,Not played since,,,
cb3d4421b5e25a40,2093865,Damon Severson,D,CBJ,CBJ,Shoulder,Upper Body,IR. Expected to be out until at least Oct 9,Out,True,2026-10-09,2026-05-07,2026-10-09,2026-10-09T16:18:45Z,2026-09-28,,,2025-26,True,False,sheet,,8476923,1994-08-07,2,,Playing while listed,,,
916c079d98fc22fe,,Dmitri Voronkov,LW,CBJ,CBJ,Hand,Upper Body,Questionable for start of season,Questionable,False,,2026-05-07,2026-09-16,2026-09-16T16:00:00Z,2026-09-10,2026-09-17,133,2025-26,True,True,sheet,,8481716,2000-09-10,0,2026-10-01,Played,,,
f5ca7ea7dc975bed,,Connor Zary,C,CGY,CGY,Undisclosed,Undisclosed,Questionable for start of season,Questionable,False,,2026-05-07,2026-09-14,2026-09-14T16:00:00Z,2026-09-10,2026-09-15,131,2025-26,True,True,sheet,,8482074,2001-09-25,0,2026-10-01,Played,,,
5ecc005ff0408bc1,2245466,Jake Bean,D,CGY,CGY,Undisclosed,Undisclosed,IR. Expected to be out until at least Sep 28,Out,True,2026-09-28,2026-05-07,2026-09-28,2026-09-28T10:51:09Z,2026-09-15,2026-09-28,144,2025-26,True,False,sheet,,8479402,1998-06-09,4,,Not played since,,,
b6d85b16705c011c,,Joel Hanley,D,CGY,CGY,Upper Body,Upper Body,Questionable for start of season,Questionable,False,,2026-05-07,2026-09-14,2026-09-14T16:00:00Z,2026-09-10,2026-09-15,131,2025-26,True,True,sheet,,8477810,1991-06-08,1,2026-10-03,Played,,,
79a82f82d265e157,1897686,Jonathan Huberdeau,C,CGY,CGY,Hip,Lower Body,IR. Expected to be out until at least Oct 10,Out,True,2026-10-10,2026-05-07,2026-10-10,2026-10-10T07:15:27Z,2026-09-27,,,2025-26,True,False,sheet,,8476456,1993-06-04,4,,On report,,,
42369669ef3e11ab,,Kevin Bahl,D,CGY,CGY,Lower Body,Lower Body,Questionable for start of season,Questionable,False,,2026-05-07,2026-09-14,2026-09-14T16:00:00Z,2026-09-10,2026-09-15,131,2025-26,True,True,sheet,,8480860,2000-06-27,0,2026-10-01,Played,,,
ab74062adebc8cdb,,Samuel Honzek,LW,CGY,CGY,Upper Body,Upper Body,Probable for start of season,Probable,False,,2026-05-07,2026-09-09,2026-09-09T16:00:00Z,2026-03-27,2026-09-10,126,2025-26,True,True,sheet,,8484180,2004-11-12,0,2026-10-01,Played,,,
085393e5dfafb4a8,,Yan Kuznetsov,D,CGY,CGY,Upper Body,Upper Body,Questionable for start of season,Questionable,False,,2026-05-07,2026-09-14,2026-09-14T16:00:00Z,2026-09-10,2026-09-15,131,2025-26,True,True,sheet,,8482165,2002-03-09,0,2026-10-01,Played,,,
f52e83446ec82d1a,,Andrew Mangiapane,LW,CHI,CHI,Lower Body,Lower Body,Questionable for start of season,Questionable,False,,2026-05-07,2026-07-25,2026-07-25T16:00:00Z,2026-04-15,2026-07-26,80,2025-26,True,True,sheet,,8478233,1996-04-04,0,2026-09-29,Played,,,
9745a8d81232886c,,Artyom Levshunov,D,CHI,CHI,Hand,Upper Body,Questionable for start of season,Questionable,False,,2026-05-07,2026-09-16,2026-09-16T16:00:00Z,2026-09-10,2026-09-17,133,2025-26,True,True,sheet,,8484783,2005-10-28,0,2026-09-29,Played,,,
e8f2988fb5a8d770,,Matt Grzelcyk,D,CHI,CHI,Upper Body,Upper Body,Probable for start of season,Probable,False,,2026-05-07,2026-09-15,2026-09-15T16:00:00Z,2026-03-31,2026-09-16,132,2025-26,True,True,sheet,,8476891,1994-01-05,1,2026-10-01,Played,,,
fb4b24442e186c8e,1707401,Ryan Ellis,D,CHI,CHI,Back,Upper Body,IR. Expected to be out until at least Jul 1,Out for season,True,2027-07-01,2026-05-07,2026-10-09,2026-10-09T16:18:45Z,2026-07-01,,,2025-26,True,False,sheet,,8475176,1991-01-03,5,,On report,,,
0ab62d986ebfed8c,,Shea Weber,D,CHI,CHI,Ankle,Lower Body,IR. Out for the season,Out for season,True,,2026-05-07,2026-06-21,2026-06-21T16:00:00Z,2025-09-30,2026-06-22,46,2025-26,True,True,sheet,,8470642,1985-08-14,5,,Not played since,,,
46bf3fc57975cf4b,,Jaden Schwartz,LW,SEA,COL,Upper Body,Upper Body,Probable for start of season,Probable,False,,2026-05-07,2026-08-23,2026-08-23T16:00:00Z,2026-04-16,2026-08-24,109,2025-26,True,True,sheet,Merged at import: listed under SEA then COL.,8475768,1992-06-25,7,2026-09-30,Played,,,
b301a9ddfa0fbcbc,,Joel Kiviranta,LW,COL,COL,Undisclosed,Undisclosed,Day-to-Day,Day-to-day,False,,2026-05-07,2026-05-11,2026-05-11T16:00:00Z,2026-05-10,2026-05-11,4,2025-26,True,False,sheet,,8481641,1996-03-23,1,2026-05-11,Played,,,
727f2c66070f5661,,Josh Manson,D,COL,COL,Upper Body,Upper Body,Day-to-Day,Day-to-day,False,,2026-05-07,2026-05-11,2026-05-11T16:00:00Z,2026-05-10,2026-05-11,4,2025-26,True,False,sheet,,8476312,1991-10-07,1,2026-05-11,Played,,,
d77ccc88e62ba493,,Arttu Hyry,RW,DAL,DAL,Ankle,Lower Body,Questionable for start of season,Questionable,False,,2026-05-07,2026-09-12,2026-09-12T16:00:00Z,2026-09-10,2026-09-13,129,2025-26,True,True,sheet,,8484938,2001-04-06,0,2026-10-02,Played,,,
31eb0703ef2b815f,,Nils Lundkvist,D,DAL,DAL,Face,Head / Neck,Probable for start of season,Probable,False,,2026-05-07,2026-09-06,2026-09-06T16:00:00Z,2026-05-01,2026-09-07,123,2025-26,True,True,sheet,,8480878,2000-07-27,0,2026-10-02,Played,,,
7b603eada76b64ac,,Roope Hintz,LW,DAL,DAL,Hamstring,Lower Body,Questionable for start of season,Questionable,False,,2026-05-07,2026-09-12,2026-09-12T16:00:00Z,2026-09-10,2026-09-13,129,2025-26,True,True,sheet,,8478449,1996-11-17,0,2026-10-02,Played,,,
ffd667ab10de0292,2147354,Dylan Larkin,C,DET,DET,Upper Body,Upper Body,IR. Expected to be out until at least Oct 6,Out,True,2026-10-06,2026-05-07,2026-10-06,2026-10-06T10:29:43Z,2026-10-02,2026-10-06,152,2025-26,True,False,sheet,,8477946,1996-07-30,2,2026-10-06,Played,,,
86aca94ba6e33c94,,Mason Appleton,C,DET,DET,Upper Body,Upper Body,Questionable for start of season,Questionable,False,,2026-05-07,2026-09-17,2026-09-17T16:00:00Z,2026-09-10,2026-09-18,134,2025-26,True,True,sheet,,8478891,1996-01-15,0,2026-10-02,Played,,,
c663565b6a2588d1,,Michael Rasmussen,C,DET,DET,Lower Body,Lower Body,Questionable for start of season,Questionable,False,,2026-05-07,2026-09-17,2026-09-17T16:00:00Z,2026-09-10,2026-09-18,134,2025-26,True,True,sheet,,8479992,1999-04-17,0,2026-10-02,Played,,,
508f836e37768e46,,Viktor Arvidsson,LW,BOS,DET,Ribs,Upper Body,Probable for start of season,Probable,False,,2026-05-07,2026-09-06,2026-09-06T16:00:00Z,2026-05-03,2026-09-07,123,2025-26,True,True,sheet,Merged at import: listed under BOS then DET.,8478042,1993-04-08,0,2026-10-02,Played,,,
6b7a1e7c95775eb4,,Adam Henrique,C,EDM,EDM,Lower Body,Lower Body,Probable for start of season,Probable,False,,2026-05-07,2026-09-15,2026-09-15T16:00:00Z,2026-05-01,2026-09-16,132,2025-26,True,True,sheet,,8474641,1990-02-06,4,,Not played since,,,
fdca2d928171fb04,,Max Jones,LW,EDM,EDM,Lower Body,Lower Body,Out for the season,Out for season,False,,2026-05-07,2026-07-01,2026-07-01T16:00:00Z,2026-05-01,2026-07-02,56,2025-26,True,True,sheet,,8479368,1998-02-17,0,2026-09-29,Played,,,
31853fdc5f7e8470,,Aaron Ekblad,D,FLA,FLA,Finger,Upper Body,Out for the season,Out for season,False,,2026-05-07,2026-06-26,2026-06-26T16:00:00Z,2026-04-02,2026-06-27,51,2025-26,True,True,sheet,,8477932,1996-02-07,0,2026-09-29,Played,,,
6676502ec7be53d2,1133425,Brad Marchand,LW,FLA,FLA,Leg,Lower Body,Expected to be out until at least Nov 21,Out,False,2026-11-21,2026-05-07,2026-10-10,2026-10-10T07:15:27Z,2026-10-09,,,2025-26,True,False,sheet,,8473419,1988-05-11,2,,Playing while listed,,,
a35453947dd56494,,Carter Verhaeghe,C,FLA,FLA,Lower Body,Lower Body,Questionable for start of season,Questionable,False,,2026-05-07,2026-09-17,2026-09-17T16:00:00Z,2026-09-10,2026-09-18,134,2025-26,True,True,sheet,,8477409,1995-08-14,0,2026-09-29,Played,,,
7dfcba3f73c873fc,,Dmitry Kulikov,D,FLA,FLA,Finger,Upper Body,Questionable for start of season,Questionable,False,,2026-05-07,2026-09-17,2026-09-17T16:00:00Z,2026-09-10,2026-09-18,134,2025-26,True,True,sheet,,8475179,1990-10-29,0,2026-09-29,Played,,,
895eedb2b9ea4eef,,Gustav Forsling,D,FLA,FLA,Undisclosed,Undisclosed,Probable for start of season,Probable,False,,2026-05-07,2026-09-08,2026-09-08T16:00:00Z,2026-04-15,2026-09-09,125,2025-26,True,True,sheet,,8478055,1996-06-12,0,2026-09-29,Played,,,
60352f5be3063940,,Jacob Markstrom,G,NJD,FLA,Undisclosed,Undisclosed,Questionable for start of season,Questionable,False,,2026-05-07,2026-09-17,2026-09-17T16:00:00Z,2026-09-10,2026-09-18,134,2025-26,True,True,sheet,Merged at import: listed under NJD then FLA.,8474593,1990-01-31,0,2026-09-29,Played,,,
f7a7254d9b7c1764,2858572,Jonah Gadjovich,LW,FLA,FLA,Upper Body,Upper Body,IR. Expected to be out until at least Oct 17,Out,True,2026-10-17,2026-05-07,2026-10-10,2026-10-10T07:15:27Z,2026-09-29,,,2025-26,True,False,sheet,,8479981,1998-10-12,4,,On report,,,
9e9378fbed8c095d,,Niko Mikkola,D,FLA,FLA,Knee,Lower Body,Questionable for start of season,Questionable,False,,2026-05-07,2026-09-18,2026-09-18T16:00:00Z,2026-09-10,2026-09-19,135,2025-26,True,True,sheet,,8478859,1996-04-27,0,2026-09-29,Played,,,
ab724fd6b38f71f4,,Radko Gudas,D,ANA,FLA,Ankle,Lower Body,Probable for start of season,Probable,False,,2026-05-07,2026-09-17,2026-09-17T16:00:00Z,2026-05-17,2026-09-18,134,2025-26,True,True,sheet,Merged at import: listed under ANA then FLA.,8475462,1990-06-05,0,2026-09-29,Played,,,
8de75aec13a851b8,,Sam Bennett,C,FLA,FLA,Lower Body,Lower Body,Questionable for start of season,Questionable,False,,2026-05-07,2026-09-17,2026-09-17T16:00:00Z,2026-09-10,2026-09-18,134,2025-26,True,True,sheet,,8477935,1996-06-20,0,2026-09-29,Played,,,
7fc7ce48c9e4fec7,,Sam Reinhart,C,FLA,FLA,Foot,Lower Body,Out for the season,Out for season,False,,2026-05-07,2026-06-26,2026-06-26T16:00:00Z,2026-03-31,2026-06-27,51,2025-26,True,True,sheet,,8477933,1995-11-06,0,2026-09-29,Played,,,
e6d4a952d1febaa9,,Seth Jones,D,FLA,FLA,Foot,Lower Body,Questionable for start of season,Questionable,False,,2026-05-07,2026-09-17,2026-09-17T16:00:00Z,2026-09-10,2026-09-18,134,2025-26,True,True,sheet,,8477495,1994-10-03,0,2026-09-29,Played,,,
7cca0ff58519b1af,,Tomas Nosek,LW,FLA,FLA,Leg,Lower Body,Questionable for start of season,Questionable,False,,2026-05-07,2026-07-31,2026-07-31T16:00:00Z,2026-04-15,2026-08-01,86,2025-26,True,True,sheet,,8477931,1992-09-01,4,,Not played since,,,
ae0bfd4c3e7321f0,,Uvis Balinskis,D,FLA,FLA,Foot,Lower Body,Questionable for start of season,Questionable,False,,2026-05-07,2026-09-18,2026-09-18T16:00:00Z,2026-09-10,2026-09-19,135,2025-26,True,True,sheet,,8484304,1996-08-01,1,2026-10-01,Played,,,
45af345aa609a65c,,Joel Eriksson Ek,C,MIN,MIN,Heel,Lower Body,Probable for start of season,Probable,False,,2026-05-07,2026-09-04,2026-09-04T16:00:00Z,2026-05-17,2026-09-05,121,2025-26,True,True,sheet,,8478493,1997-01-29,3,2026-10-01,Played,,,
a9e162a441f3098d,,Jonas Brodin,D,MIN,MIN,Foot,Lower Body,Probable for start of season,Probable,False,,2026-05-07,2026-09-04,2026-09-04T16:00:00Z,2026-05-17,2026-09-05,121,2025-26,True,True,sheet,,8476463,1993-07-12,3,2026-10-01,Played,,,
bab4462ea74112e4,,Zach Bogosian,D,MIN,MIN,Lower Body,Lower Body,Day-to-Day,Day-to-day,False,,2026-05-07,2026-05-09,2026-05-09T16:00:00Z,2026-05-06,2026-05-09,2,2025-26,True,False,sheet,,8474567,1990-07-15,0,2026-05-09,Played,,,
20c05b1809c8579b,,Arseny Gritsyuk,RW,NJD,NJD,Upper Body,Upper Body,Questionable for start of season,Questionable,False,,2026-05-07,2026-09-17,2026-09-17T16:00:00Z,2026-09-10,2026-09-18,134,2025-26,True,True,sheet,,8481721,2001-03-15,0,2026-10-01,Played,,,
80862e32ec3bbfeb,,Brett Pesce,D,NJD,NJD,Lower Body,Lower Body,IR. Expected to be out until at least Sep 15,Out,True,2026-09-15,2026-05-07,2026-07-30,2026-07-30T16:00:00Z,2026-04-13,2026-07-31,85,2025-26,True,True,sheet,,8477488,1994-11-15,0,2026-10-01,Played,,,
c49316efe619120f,,Evan Rodrigues,C,FLA,NJD,Finger,Upper Body,Questionable for start of season,Questionable,False,,2026-05-07,2026-09-17,2026-09-17T16:00:00Z,2026-09-10,2026-09-18,134,2025-26,True,True,sheet,Merged at import: listed under FLA then NJD.,8478542,1993-07-28,0,2026-10-01,Played,,,
0120e3f5b327263e,,Jonas Siegenthaler,D,NJD,NJD,Undisclosed,Undisclosed,Questionable for start of season,Questionable,False,,2026-05-07,2026-09-17,2026-09-17T16:00:00Z,2026-09-10,2026-09-18,134,2025-26,True,True,sheet,,8478399,1997-05-06,0,2026-10-01,Played,,,
b424f499fbe88a9d,,Luke Hughes,D,NJD,NJD,Undisclosed,Undisclosed,Questionable for start of season,Questionable,False,,2026-05-07,2026-09-17,2026-09-17T16:00:00Z,2026-09-10,2026-09-18,134,2025-26,True,True,sheet,,8482684,2003-09-09,0,2026-10-01,Played,,,
20ae29866d11ea85,,Stefan Noesen,RW,NJD,NJD,Knee,Lower Body,Expected to be out until at least Oct 15,Out,False,2026-10-15,2026-05-07,2026-09-17,2026-09-17T16:00:00Z,2026-03-22,2026-09-18,134,2025-26,True,True,sheet,,8476474,1993-02-12,0,2026-10-01,Played,,,
c8d041dbda2f570a,,Jonathan Marchessault,C,NSH,NSH,Undisclosed,Undisclosed,Probable for start of season,Probable,False,,2026-05-07,2026-09-01,2026-09-01T16:00:00Z,2026-04-16,2026-09-02,118,2025-26,True,True,sheet,,8476539,1990-12-27,0,2026-10-01,Played,,,
e04808595172ec09,,Nicolas Hague,D,NSH,NSH,Upper Body,Upper Body,Probable for start of season,Probable,False,,2026-05-07,2026-09-01,2026-09-01T16:00:00Z,2026-04-16,2026-09-02,118,2025-26,True,True,sheet,,8479980,1998-12-05,0,2026-10-01,Played,,,
73abddafb8e6ee23,,Nils Hoglander,LW,VAN,NSH,Undisclosed,Undisclosed,Probable for start of season,Probable,False,,2026-05-07,2026-09-01,2026-09-01T16:00:00Z,2026-05-06,2026-09-02,118,2025-26,True,True,sheet,Merged at import: listed under VAN then NSH.,8481535,2000-12-20,0,2026-10-01,Played,,,
d992e665efc6bf12,,Alexander Romanov,D,NYI,NYI,Shoulder,Upper Body,Probable for start of season,Probable,False,,2026-05-07,2026-08-18,2026-08-18T16:00:00Z,2026-04-18,2026-08-19,104,2025-26,True,True,sheet,,8481014,2000-01-06,0,2026-09-30,Played,,,
00e044166eee5fba,,Kyle Palmieri,RW,NYI,NYI,Knee,Lower Body,Probable for start of season,Probable,False,,2026-05-07,2026-09-02,2026-09-02T16:00:00Z,2025-11-30,2026-09-03,119,2025-26,True,True,sheet,,8475151,1991-02-01,0,2026-09-30,Played,,,
24363a9539c2ff36,,Maxim Shabanov,RW,NYI,NYI,Upper Body,Upper Body,Out for the season,Out for season,False,,2026-05-07,2026-06-29,2026-06-29T16:00:00Z,2026-04-14,2026-06-30,54,2025-26,True,True,sheet,,8485702,2000-10-07,1,2026-10-01,Played,,,
ca2f345fff30a418,,Pierre Engvall,LW,NYI,NYI,Ankle,Lower Body,Probable for start of season,Probable,False,,2026-05-07,2026-09-02,2026-09-02T16:00:00Z,2025-10-23,2026-09-03,119,2025-26,True,True,sheet,,8478115,1996-05-31,4,,Not played since,,,
e68c877603e8b876,,Ryan Pulock,D,NYI,NYI,Undisclosed,Undisclosed,Probable for start of season,Probable,False,,2026-05-07,2026-08-18,2026-08-18T16:00:00Z,2026-04-14,2026-08-19,104,2025-26,True,True,sheet,,8477506,1994-10-06,0,2026-09-30,Played,,,
d3ce18b66f3cd4b3,,Semyon Varlamov,G,NYI,NYI,Knee,Lower Body,Probable for start of season,Probable,False,,2026-05-07,2026-09-02,2026-09-02T16:00:00Z,2026-03-12,2026-09-03,119,2025-26,True,True,sheet,,8473575,1988-04-27,0,2026-09-30,Played,,,
87a8f91f4c846fcf,,Matt Rempe,C,NYR,NYR,Thumb,Upper Body,Questionable for start of season,Questionable,False,,2026-05-07,2026-09-16,2026-09-16T16:00:00Z,2026-09-10,2026-09-17,133,2025-26,True,True,sheet,,8482460,2002-06-29,0,2026-09-29,Played,,,
a6cc2f6b99dd8bff,2831960,Artem Zub,D,OTT,OTT,Knee,Lower Body,IR. Expected to be out until at least Oct 10,Out,True,2026-10-10,2026-05-07,2026-10-10,2026-10-10T07:15:27Z,2026-09-28,,,2025-26,True,False,sheet,,8482245,1995-10-03,4,,On report,,,
3b04bb1d25446de7,26603210,Jake Sanderson,D,OTT,OTT,Lower Body,Lower Body,Day-to-Day,Day-to-day,False,,2026-05-07,2026-10-10,2026-10-10T07:15:27Z,2026-10-09,,,2025-26,True,False,sheet,,8482105,2002-07-08,3,,On report,,,
0bb653434df92588,26599848,Ridly Greig,C,OTT,OTT,Suspension,Non-injury,Expected to be out until at least Oct 6,Out,False,2026-10-06,2026-05-07,2026-09-30,2026-09-30T10:28:02Z,2026-09-01,2026-09-30,146,2025-26,True,False,sheet,,8482092,2002-08-08,2,2026-10-06,Played,,,
e522027558b0a994,,Nikita Grebenkin,RW,PHI,PHI,Upper Body,Upper Body,Expected to be out until at least Sep 26,Out,False,2026-09-26,2026-05-07,2026-09-22,2026-09-22T16:00:00Z,2026-09-17,2026-09-23,139,2025-26,True,True,sheet,,8483733,2003-05-02,7,,Not played since,,,
0be317c52c2c13a7,,Noah Cates,LW,PHI,PHI,Foot,Lower Body,Questionable for start of season,Questionable,False,,2026-05-07,2026-09-15,2026-09-15T16:00:00Z,2026-09-10,2026-09-16,132,2025-26,True,True,sheet,,8480220,1999-02-05,2,2026-09-30,Played,,,
2897fc9a4802edb2,,Owen Tippett,RW,PHI,PHI,Abdomen,Upper Body,Questionable for start of season,Questionable,False,,2026-05-07,2026-09-15,2026-09-15T16:00:00Z,2026-09-10,2026-09-16,132,2025-26,True,True,sheet,,8480015,1999-02-16,2,2026-09-30,Played,,,
04e9b0dee4627b35,,Jared McCann,C,SEA,SEA,Lower Body,Lower Body,Probable for start of season,Probable,False,,2026-05-07,2026-08-24,2026-08-24T16:00:00Z,2026-04-13,2026-08-25,110,2025-26,True,True,sheet,,8477955,1996-05-31,0,2026-10-01,Played,,,
ee6ebe3b07742964,,Joey Daccord,G,SEA,SEA,Lower Body,Lower Body,Probable for start of season,Probable,False,,2026-05-07,2026-08-29,2026-08-29T16:00:00Z,2026-04-16,2026-08-30,115,2025-26,True,True,sheet,,8478916,1996-08-19,0,2026-10-01,Played,,,
e1d75693fc94b55a,,Matt Murray,G,SEA,SEA,Personal,Non-injury,Out for the season,Out for season,False,,2026-05-07,2026-06-29,2026-06-29T16:00:00Z,2026-04-16,2026-06-30,54,2025-26,True,True,sheet,,8483575,1998-02-02,1,2026-10-03,Played,,,
4fed2a4caa1a3b9e,,Philipp Grubauer,G,SEA,SEA,Lower Body,Lower Body,Expected to be out until at least Sep 15,Out,False,2026-09-15,2026-05-07,2026-05-12,2026-05-12T16:00:00Z,2026-04-16,2026-05-13,6,2025-26,True,True,sheet,,8475831,1991-11-25,0,2026-10-01,Played,,,
3b5ab26f7598c1ae,,Carey Price,G,SJS,SJS,Knee,Lower Body,IR. Out for the season,Out for season,True,,2026-05-07,2026-06-21,2026-06-21T16:00:00Z,2025-10-08,2026-06-22,46,2025-26,True,True,sheet,,8471679,1987-08-16,4,,Not played since,,,
620048a7bd273eb4,1282170,Logan Couture,C,SJS,SJS,Groin,Lower Body,IR. Expected to be out until at least Jul 1,Out for season,True,2027-07-01,2026-05-07,2026-10-09,2026-10-09T16:18:45Z,2026-07-11,,,2025-26,True,False,sheet,,8474053,1989-03-28,4,,On report,,,
fe4e0e3b872355cb,,Ryan Reaves,RW,SJS,SJS,Hand,Upper Body,Probable for start of season,Probable,False,,2026-05-07,2026-09-15,2026-09-15T16:00:00Z,2026-04-14,2026-09-16,132,2025-26,True,True,sheet,,8471817,1987-01-20,4,,Not played since,,,
1aac4ea6e9401d57,,Brandon Carlo,D,TOR,STL,Lower Body,Lower Body,Probable for start of season,Probable,False,,2026-05-07,2026-09-01,2026-09-01T16:00:00Z,2026-04-11,2026-09-02,118,2025-26,True,True,sheet,Merged at import: listed under TOR then STL.,8478443,1996-11-26,0,2026-10-02,Played,,,
bd1520aa1587fd72,1960399,Torey Krug,D,STL,STL,Ankle,Lower Body,IR. Expected to be out until at least Jul 1,Out for season,True,2027-07-01,2026-05-07,2026-10-10,2026-10-10T07:15:27Z,2026-09-29,,,2025-26,True,False,sheet,,8476792,1991-04-12,4,,On report,,,
1983a0c9e1063377,,Pontus Holmberg,RW,TBL,TBL,Collarbone,Upper Body,Questionable for start of season,Questionable,False,,2026-05-07,2026-09-16,2026-09-16T16:00:00Z,2026-09-10,2026-09-17,133,2025-26,True,True,sheet,,8480995,1999-03-09,0,2026-10-01,Played,,,
1ae213a8e5d88aa0,,Anthony Stolarz,G,TOR,TOR,Groin,Lower Body,Out for the season,Out for season,False,,2026-05-07,2026-06-25,2026-06-25T16:00:00Z,2026-04-16,2026-06-26,50,2025-26,True,True,sheet,,8476932,1994-01-20,0,2026-09-29,Played,,,
f460bd60ab5ab043,,Auston Matthews,C,TOR,TOR,Knee,Lower Body,Probable for start of season,Probable,False,,2026-05-07,2026-09-10,2026-09-10T16:00:00Z,2026-03-13,2026-09-11,127,2025-26,True,True,sheet,,8479318,1997-09-17,0,2026-09-29,Played,,,
c95170f6d50a24ca,,Calle Jarnkrok,C,TOR,TOR,Undisclosed,Undisclosed,Probable for start of season,Probable,False,,2026-05-07,2026-08-31,2026-08-31T16:00:00Z,2026-04-15,2026-09-01,117,2025-26,True,True,sheet,,8475714,1991-09-25,5,,Not played since,,,
b0b43665136ceaf1,,Christopher Tanev,D,TOR,TOR,Abdomen,Upper Body,Questionable for start of season,Questionable,False,,2026-05-07,2026-09-16,2026-09-16T16:00:00Z,2026-09-05,2026-09-17,133,2025-26,True,True,sheet,,8475690,1989-12-20,0,2026-09-29,Played,,,
9cbf636f8f10bb48,3130097,Dakota Joshua,C,TOR,TOR,Abdomen,Upper Body,IR. Expected to be out until at least Oct 24,Out,True,2026-10-24,2026-05-07,2026-10-10,2026-10-10T07:15:27Z,2026-09-30,,,2025-26,True,False,sheet,,8478057,1996-05-15,5,,On report,,,
7d3a91dff5c046db,,Zack MacEwen,C,NJD,TOR,Knee,Lower Body,Questionable for start of season,Questionable,False,,2026-05-07,2026-09-17,2026-09-17T16:00:00Z,2026-09-10,2026-09-18,134,2025-26,True,True,sheet,Merged at import: listed under NJD then TOR.,8479772,1996-07-08,0,2026-09-29,Played,,,
f65383e9d93de888,,Barrett Hayton,C,UTA,UTA,Upper Body,Upper Body,Questionable for start of season,Questionable,False,,2026-05-07,2026-09-16,2026-09-16T16:00:00Z,2026-09-10,2026-09-17,133,2025-26,True,True,sheet,Merged at import: listed under UTA then NJD.,8480849,2000-06-09,0,2026-10-01,Played,,,
7b1511b80978214e,1899089,Derek Forbort,D,VAN,VAN,Hip,Lower Body,IR. Expected to be out until at least Sep 28,Out,True,2026-09-28,2026-05-07,2026-09-28,2026-09-28T10:51:09Z,2026-09-15,2026-09-28,144,2025-26,True,False,sheet,,8475762,1992-03-04,5,,Not played since,,,
d1a4498d64bff3a6,,Evander Kane,LW,VAN,VAN,Upper Body,Upper Body,Probable for start of season,Probable,False,,2026-05-07,2026-09-15,2026-09-15T16:00:00Z,2026-04-14,2026-09-16,132,2025-26,True,True,sheet,,8475169,1991-08-02,5,,Not played since,,,
e8a40c024ab75b7b,,Filip Chytil,C,VAN,VAN,Face,Head / Neck,Probable for start of season,Probable,False,,2026-05-07,2026-09-02,2026-09-02T16:00:00Z,2026-04-16,2026-09-03,119,2025-26,True,True,sheet,,8480078,1999-09-05,5,,Not played since,,,
cae814b778891533,2271608,Thatcher Demko,G,VAN,VAN,Hip,Lower Body,IR. Expected to be out until at least Dec 21,Out,True,2026-12-21,2026-05-07,2026-10-10,2026-10-10T07:15:27Z,2026-09-28,,,2025-26,True,False,sheet,,8477967,1995-12-08,5,,On report,,,
1e9f4a0508e218a7,,Jeremy Lauzon,D,VGK,VGK,Upper Body,Upper Body,Expected to be out until at least Jun 17,Out,False,2026-06-17,2026-05-07,2026-06-02,2026-06-02T16:00:00Z,2026-05-30,2026-06-03,27,2025-26,True,True,sheet,,8478468,1997-04-28,8,2026-06-02,Played,,,
bde455efe8fc5df9,,Alex Iafallo,LW,WPG,WPG,Undisclosed,Undisclosed,Questionable for start of season,Questionable,False,,2026-05-07,2026-09-17,2026-09-17T16:00:00Z,2026-09-10,2026-09-18,134,2025-26,True,True,sheet,,8480113,1993-12-21,0,2026-10-02,Played,,,
b9c96ff7a9aeaf89,,Elias Salomonsson,D,WPG,WPG,Shoulder,Upper Body,Out for the season,Out for season,False,,2026-05-07,2026-06-22,2026-06-22T16:00:00Z,2026-04-30,2026-06-23,47,2025-26,True,True,sheet,,8483510,2004-08-31,5,,Not played since,,,
b9a9b3492a6f7405,,Gustav Nyquist,RW,WPG,WPG,Undisclosed,Undisclosed,Probable for start of season,Probable,False,,2026-05-07,2026-09-10,2026-09-10T16:00:00Z,2026-04-16,2026-09-11,127,2025-26,True,True,sheet,,8474679,1989-09-01,5,,Not played since,,,
24eb6245fef7d173,,Morgan Barron,C,WPG,WPG,Lower Body,Lower Body,Questionable for start of season,Questionable,False,,2026-05-07,2026-09-17,2026-09-17T16:00:00Z,2026-09-10,2026-09-18,134,2025-26,True,True,sheet,,8480289,1998-12-02,0,2026-10-02,Played,,,
a836255b9a1ecf22,,Neal Pionk,D,WPG,WPG,Undisclosed,Undisclosed,Questionable for start of season,Questionable,False,,2026-05-07,2026-09-17,2026-09-17T16:00:00Z,2026-09-10,2026-09-18,134,2025-26,True,True,sheet,,8480145,1995-07-29,0,2026-10-02,Played,,,
b414a2be1ca742c1,,Nikita Chibrikov,RW,WPG,WPG,Abdomen,Upper Body,Out for the season,Out for season,False,,2026-05-07,2026-06-26,2026-06-26T16:00:00Z,2026-04-30,2026-06-27,51,2025-26,True,True,sheet,,8482787,2003-02-16,5,,Not played since,,,
50dea7f7b4ec9c60,,Vladislav Namestnikov,C,WPG,WPG,Undisclosed,Undisclosed,Questionable for start of season,Questionable,False,,2026-05-07,2026-09-17,2026-09-17T16:00:00Z,2026-09-10,2026-09-18,134,2025-26,True,True,sheet,,8476480,1992-11-22,0,2026-10-02,Played,,,
d76dfb3500302637,,Charlie Lindgren,G,WSH,WSH,Upper Body,Upper Body,Probable for start of season,Probable,False,,2026-05-07,2026-09-06,2026-09-06T16:00:00Z,2026-04-14,2026-09-07,123,2025-26,True,True,sheet,,8479292,1993-12-18,0,2026-10-02,Played,,,
744e8df710f05f74,,Jordan Kyrou,C,STL,WSH,Knee,Lower Body,Questionable for start of season,Questionable,False,,2026-05-07,2026-09-06,2026-09-06T16:00:00Z,2026-04-23,2026-09-07,123,2025-26,True,True,sheet,Merged at import: listed under STL then WSH.,8479385,1998-05-05,0,2026-10-02,Played,,,
ff4ad7f46a5d9757,,Pierre-Luc Dubois,LW,WSH,WSH,Hand,Upper Body,Probable for start of season,Probable,False,,2026-05-07,2026-08-21,2026-08-21T16:00:00Z,2026-04-16,2026-08-22,107,2025-26,True,True,sheet,,8479400,1998-06-24,0,2026-10-02,Played,,,
caebf3f145fd6c6d,2940996,Rasmus Sandin,D,WSH,WSH,Knee,Lower Body,IR. Expected to be out until at least Dec 26,Out,True,2026-12-26,2026-05-07,2026-10-09,2026-10-09T16:18:45Z,2026-09-28,,,2025-26,True,False,sheet,,8480873,2000-03-07,4,,On report,,,
