run_at,run_date,rows,new,updated,closed,reopened
2026-09-25T03:05:45Z,2026-09-24,67,3,64,0,2
2026-09-25T03:39:51Z,2026-09-24,71,4,67,5,0
2026-09-25T04:34:55Z,2026-09-25,71,0,71,0,0
2026-09-25T20:00:23Z,2026-09-25,72,2,70,0,0
2026-09-26T09:20:18Z,2026-09-26,72,1,71,1,0
2026-09-26T19:12:08Z,2026-09-26,73,1,72,1,0
2026-09-27T09:59:05Z,2026-09-27,76,5,71,0,0
2026-09-27T19:45:05Z,2026-09-27,82,6,76,2,3
2026-09-28T10:51:09Z,2026-09-28,77,2,75,1,0
2026-09-28T21:56:11Z,2026-09-28,88,10,78,1,0
2026-09-28T22:33:29Z,2026-09-28,89,3,86,7,0
2026-09-29T10:39:13Z,2026-09-29,76,0,76,2,2
2026-09-29T16:33:52Z,2026-09-29,95,9,86,0,0
2026-09-29T17:42:30Z,2026-09-29,111,16,95,4,0
2026-09-29T20:43:43Z,2026-09-29,109,1,108,1,0
2026-09-30T10:28:02Z,2026-09-30,81,1,80,3,2
2026-09-30T20:47:24Z,2026-09-30,108,4,104,3,1
2026-10-01T10:55:26Z,2026-10-01,106,0,106,6,0
2026-10-01T20:58:37Z,2026-10-01,108,2,106,1,0
2026-10-01T21:00:12Z,2026-10-01,108,0,108,1,0
2026-10-02T01:43:29Z,2026-10-01,106,1,105,0,0
2026-10-02T08:38:25Z,2026-10-02,108,2,106,0,0
2026-10-02T15:52:45Z,2026-10-02,108,0,108,3,0
2026-10-02T20:48:46Z,2026-10-02,105,1,104,0,0
2026-10-03T00:33:00Z,2026-10-02,104,0,104,0,0
2026-10-03T06:37:09Z,2026-10-03,105,1,104,0,0
2026-10-03T12:37:20Z,2026-10-03,105,0,105,5,0
